Auto	Manual	Old ID	New Name (proposed)	Full Address	Place ID	Type	
TRUE		abbigere	Abbigere	Abbigere, Bengaluru, Karnataka, India	ChIJAf0-x-4irjsRr4QU0uTo1n0	22	1
TRUE		adugodi	Adugodi	Adugodi, Bengaluru, Karnataka 560030, India	ChIJRTHEy0sUrjsRV_BYNOUtpu4	22	1
FALSE		adugodi	Ayappa Garden	Ayappa Garden, Adugodi, Bengaluru, Karnataka, India	ChIJkbfZmcsVrjsRqYUiq9mqdI4	22	1
FALSE		aecs-layout	AECS Layout	AECS Layout, Marathahalli, Bengaluru, Karnataka 560037, India	ChIJXR3gIiUSrjsR7MdqiFvLAxw	22	1
TRUE		agripada	Agripada	Agripada, Mumbai, Maharashtra 400008, India	ChIJxVxWD2jO5zsR41oUBHdnkFA	22	1
FALSE		air-view-court	Golf View Avenue	Golf View Ave, Bengaluru, Karnataka 560008, India	ChIJh3WrfQUUrjsRq__eabgqcAI	23	1
TRUE		airoli	Airoli	Airoli, Navi Mumbai, Maharashtra 400708, India	ChIJq7XYPVK_5zsRYdphOfen6Z0	22	1
TRUE		akshayanagar	Akshayanagar	Akshayanagar, Bengaluru, Karnataka 560068, India	ChIJ6bvUfi5rrjsR1bHxnKWR7QA	22	1
TRUE		akurdi	Akurdi	Akurdi, Pimpri-Chinchwad, Maharashtra 411035, India	ChIJy-hUKcC5wjsR8ibV4Y1wXVI	22	1
FALSE		ambernath	Ambernath	Ambernath, Maharashtra, India	ChIJpdO7WYOT5zsRyfCIynvKhQE	21	1
FALSE		ambivali	Ambivali	Ambivali, Maharashtra 410203, India	ChIJv0ItEQfj5zsR_gChUaqiYbc	21	1
FALSE		ambivali	Ambivali	Ambivali, Maharashtra 421601, India	ChIJzw-qC2CC5zsRS38jSMPMzR8	21	1
TRUE		ambivali	Ambivali	Ambivali, Jogeshwari West, Mumbai, Maharashtra 400047, India	ChIJnWSygCi25zsR4LGqiNZEYW4	22	1
FALSE		amrita-university-bangalore	Central Jail Road	Central Jail Rd, Bengaluru, Karnataka, India	ChIJGcOhQkYTrjsRZOdE4D12FvU	23	1
FALSE		amrutha-halli	Marathahalli	Marathahalli, Bengaluru, Karnataka 560037, India	ChIJVwkdVbQTrjsRGUkefteUeFk	22	2
FALSE		andheri-east	Andheri East	Andheri East, Mumbai, Maharashtra, India	ChIJMbHfQRu25zsRMazdY3UpaKY	22	1
FALSE		andheri-west	Andheri West	Andheri West, Mumbai, Maharashtra 400047, India	ChIJ3ZHYthi25zsRMtExx1eo-JE	22	1
TRUE		andrahalli	Andrahalli	Andrahalli, Bengaluru, Karnataka, India	ChIJJ7z4dYg8rjsRtXDJI0xzwfY	22	1
FALSE		anekal	Anekal	Anekal, Karnataka 562106, India	ChIJ_fFYh3hvrjsRw5To5mK3a6U	21	1
FALSE		anjanapura	Anjanapura	Anjanapura, Karnataka, India	ChIJ-0HioxlArjsROzVr1r78uaA	21	1
FALSE		anjaneya-complex	Anjaneya Complex	Anjaneya Complex, HAL Airport Rd, ISRO Colony, Kodihalli, Bengaluru, Karnataka 560008, India	ChIJszkvoAUUrjsRThkhdRgwMtE	23	1
FALSE		annapurneshwari-nagar	Annapurneshwari Nagar	Annapurneshwari Nagar, Bengaluru, Karnataka, India	ChIJ9TRNTiM8rjsRnBPfRBAA1TY	22	1
FALSE		antop-hill	Antop Hill	Antop Hill, Mumbai, Maharashtra, India	ChIJX8kzsDDP5zsRMsh9wxOp1g4	22	1
FALSE		asangaon	Asangaon	Asangaon, Maharashtra 421601, India	ChIJA5KIHpmE5zsR9up2KOsk0I4	21	1
FALSE		ashiwana-apartments	Ashiwana Apartments	Ashiwana Apartments, Sai Baba Temple Rd, Green Garden Layout, Silver Springs Layout, Munnekollal, Bengaluru, Karnataka 560066, India	ChIJ81FK5jgSrjsRNkavqn4RfTM	23	1
FALSE		ashok-nagar	Ashok Nagar	Ashok Nagar, Bengaluru, Karnataka, India	ChIJkTGsYIAWrjsRXONhIHn9BD4	22	1
FALSE		attibele	Attibele	Attibele, Karnataka 562107, India	ChIJzREqNqFxrjsRrguubbq-6Uc	21	1
TRUE		attiguppe	Attiguppe	Attiguppe, Bengaluru, Karnataka, India	ChIJiTQWoHA-rjsRA1gk1vXbLBA	22	1
TRUE		aundh	Aundh	Aundh, Pune, Maharashtra, India	ChIJzUFgOki_wjsRLTrf2X7gaNk	22	1
FALSE		aundh-rd	Aundh Road	Aundh Rd, Pune, Maharashtra, India	ChIJpby0DG-_wjsRfb6qn81QIrY	23	1
FALSE		azad-nagar	Azad Nagar	Azad Nagar, Bengaluru, Karnataka 560026, India	ChIJ1zE8AgU-rjsRlZpsze_xr90	22	1
FALSE		badlapur-east	Badlapur	Badlapur, Maharashtra 421503, India	ChIJvRvHm1zt5zsR81AYYrA51Yc	21	2
FALSE		badlapur-west	Badlapur	Badlapur, Maharashtra 421503, India	ChIJvRvHm1zt5zsR81AYYrA51Yc	21	2
TRUE		bagalakunte	Bagalakunte	Bagalakunte, Bengaluru, Karnataka 560073, India	ChIJHbJ6Zc08rjsRXyOzViFM7so	22	1
FALSE		bagaluru	Bengaluru	Bengaluru, Karnataka 560001, India	ChIJbU60yXAWrjsR4E9-UejD3_g	21	2
FALSE		bagmane-tech-park	Bagmane Laurel	Bagmane Laurel, Cauveri Colony, GM Palya, C V Raman Nagar, Bengaluru, Karnataka 560093, India	ChIJd9LYnFARrjsRsbCRxtIntQQ	23	1
FALSE		baiyyappanahalli	Old Baiyyappanahalli	Old Baiyyappanahalli, Maruthi Sevanagar, Bengaluru, Karnataka, India	ChIJ1wqUx8cWrjsRfoEZ7no2vEY	22	1
FALSE		bajirao-road	Thorle Bajirav Peshwe Road	Thorle Bajirav Peshwe Rd, Saras Baug, Shukrawar Peth, Pune, Maharashtra 411030, India	ChIJXUiqCnLAwjsRSorZ0Rcb2wU	23	1
FALSE		balaji-apartment	Balaji Apartment	Balaji Apartment, Yelenahalli Rd, Akshayanagara West, Akshaya Vana, Akshayanagar, Bengaluru, Karnataka 560076, India	ChIJyTNG9i5rrjsRIKrYDNwE2_U	23	1
TRUE		balewadi	Balewadi	Balewadi, Pune, Maharashtra, India	ChIJnQkoQTa5wjsRX5YpGZAuiUM	22	1
FALSE		balkum	Balkum Pada	Balkum Pada, Majiwada, Thane, Maharashtra, India	ChIJ28-tkku55zsRWkDNcFt8RyQ	22	1
TRUE		banashankari	Banashankari	Banashankari, Bengaluru, Karnataka 560050, India	ChIJt1jDIiw-rjsR7_I2fxBocBU	22	1
FALSE		banaswadi	Banswadi	Banswadi, Bengaluru, Karnataka 560043, India	ChIJp8gWiCoXrjsRMm93KPuPiRI	22	1
FALSE		bandra-east	Bandra East	Bandra East, Mumbai, Maharashtra, India	ChIJRVD6FOHI5zsRxyqpis6zAas	22	1
FALSE		bandra-kurla-complex	Bandra Kurla Complex	Bandra Kurla Complex, Bandra East, Mumbai, Maharashtra, India	ChIJG-qGC9_I5zsRlvK9G0vqfs4	22	1
FALSE		bandra-west	Bandra West	Bandra West, Mumbai, Maharashtra, India	ChIJe9L4I-HI5zsReGojmrSWeUM	22	1
TRUE		baner	Baner	Baner, Pune, Maharashtra 411045, India	ChIJy9Nd8M--wjsRfat_-5cSkaE	22	1
FALSE		bangalore	Bengaluru	Bengaluru, Karnataka 560001, India	ChIJbU60yXAWrjsR4E9-UejD3_g	21	2
FALSE		bangur-nagar	Bangur Nagar	Bangur Nagar, Goregaon West, Mumbai, Maharashtra 400104, India	ChIJPRpYHVy25zsRHNXWRqiFM-g	22	1
FALSE		bannerghatta-road	Bannerghatta Main Road	Bannerghatta Main Rd, Bengaluru, Karnataka, India	ChIJJ6iKEcRqrjsR1EesTrgSBg0	23	1
FALSE		bapuji-nagar	Bapuji Nagar	Bapuji Nagar, Bengaluru, Karnataka, India	ChIJK7tdWQw-rjsR-aKKEzHtR4o	22	1
TRUE		basapura	Basapura	Basapura, Bengaluru, Karnataka, India	ChIJW5Jn7lhrrjsRQj3Z40VwdAY	22	1
TRUE		basavanagudi	Basavanagudi	Basavanagudi, Bengaluru, Karnataka, India	ChIJqfs4p5IVrjsRx2LhtOBKArk	22	1
FALSE		basavanna-nagar	Basavanna Nagar	Basavanna Nagar, Whitefield, Bengaluru, Karnataka 560048, India	ChIJE1g2mZIRrjsRPTgPlk4TsuM	22	1
FALSE		basaveshwara-nagar	Basaveshwar Nagar	Basaveshwar Nagar, Bengaluru, Karnataka 560079, India	ChIJu2vRsqI9rjsRZy0viMNvrWM	22	1
TRUE		battarahalli	Battarahalli	Battarahalli, Bengaluru, Karnataka, India	ChIJIdnHnVYQrjsRvAq4Ikolxb4	22	1
TRUE		begur	Begur	Begur, Bengaluru, Karnataka, India	ChIJNac-HkprrjsRwYzD0krrMFQ	22	1
FALSE		begur	Begur	Begur, Karnataka, India	ChIJK7Bj7UYcrjsRbAFJaktZArU	21	1
FALSE		belathur	Belathur	Belathur, Tamil Nadu, India	ChIJq6C-8PJ0rjsRun-z0og4MpM	21	1
FALSE		bellandur	Bellandur Lake	Bellandur Lake, Bengaluru, Karnataka	ChIJH8rxiYUTrjsRFYKr5ANmrCw	23	1
TRUE		bellandur	Bellandur	Bellandur, Bengaluru, Karnataka 560103, India	ChIJL-k0LnUTrjsRrmqYb6Y0ssI	22	1
TRUE		bellary road	Bellary Road	Bellary Rd, Bengaluru, Karnataka, India	ChIJxxI-uo0XrjsRNwoW6nqVTq0	23	1
FALSE		beml-layout	BEML Layout	BEML Layout, Brookefield, Bengaluru, Karnataka 560037, India	ChIJz5WWWDwSrjsRBwOVdeGDY3k	22	1
FALSE		bennigana-halli	Bennigana Halli	Bennigana Halli, Bengaluru, Karnataka, India	ChIJHSKs-cwWrjsRRwIw0k8qd2Y	22	1
FALSE		benson-town	Benson Town	Benson Town, Bengaluru, Karnataka 560046, India	ChIJ7ygYG1kWrjsRc7ID1Q9ngbg	22	1
FALSE		bhandarkar-road	Bhandarkar Road	Bhandarkar Rd, Pune, Maharashtra 411004, India	ChIJPzTC2IW_wjsRHGOKEEXMxps	23	1
FALSE		bhandup-east	Bhandup East	Bhandup East, Mumbai, Maharashtra 400042, India	ChIJNdepGH-45zsRYkqPD7DQaAI	22	1
FALSE		bhandup-west	Bhandup West	Bhandup West, Mumbai, Maharashtra, India	ChIJe0T4RHq45zsRGDwtaYvJmaY	22	1
FALSE		bharti-vidyapeeth-dhankawadi	Bharati Vidyapeeth Campus	Bharati Vidyapeeth Campus, Dhankawadi, Pune, Maharashtra, India	ChIJ70PSxMfqwjsRaG5rg9bWvZg	22	1
FALSE		bharti-vidyapeeth-dhankawadi	Bharati Vidyapeeth Road	Bharati Vidyapeeth Rd, Dhankawadi, Pune, Maharashtra 411046, India	ChIJM1MD9s_qwjsRWTA2Upm0Bb0	23	1
FALSE		bharti-vidyapeeth-dhankawadi	Bharti Vidyapeeth Gate	Bharti Vidyapeeth Gate, Bharati Vidyapeeth Campus, Dhankawadi, Pune, Maharashtra 411043	ChIJgWeY3cbqwjsRyZbmGW-FOAU	23	1
FALSE		bharti-vidyapeeth-dhankawadi	Bharati Vidyapeeth	Bharati Vidyapeeth, Chandrabhaga Nagar, Dhankawadi, Pune, Maharashtra 411046	ChIJywftisjqwjsR8IWteuWu6J0	23	1
FALSE		bharti-vidyapeeth-dhankawadi	Dhankawadi	Dhankawadi, Gulab Nagar, Chandrabhaga Nagar, Dhankawadi, Pune, Maharashtra 411043	ChIJEWi917bqwjsRPzlHXbTi6dw	23	1
FALSE		bharti-vidyapeeth-dhankawadi	Dhankawadi PMT Bus Stand	Dhankawadi PMT Bus Stand, Raut Bag Society, Pratibha Nagar, Dhankawadi, Pune, Maharashtra 411043, India	ChIJoRvk0bbqwjsRMY-ntKoZYEs	23	1
FALSE		bhavans-college	Bhavans College	Bhavans College, Gilbert Hill, Andheri West, Mumbai, Maharashtra 400047	ChIJ-ypANNjJ5zsR9mUuhyaBoTU	23	1
FALSE		bhawani-homes	Bhawani Complex	Bhawani Complex, Mysore Rd, Fort Kengeri, Kengeri Satellite Town, Bengaluru, Karnataka 560060, India	ChIJ625nLSQ_rjsRX3NxZjOL-B0	23	1
FALSE		bhayandar-east	Bhayandar East	Bhayandar East, Mira Bhayandar, Maharashtra, India	ChIJe2fGISmw5zsRZelT5RfMZLE	22	1
FALSE		bhayandar-west	Bhayandar West	Bhayandar West, Mira Bhayandar, Maharashtra, India	ChIJ7zW-CNSx5zsR407Yk0vKf4g	22	1
FALSE		bhiwandi	Bhiwandi	Bhiwandi, Maharashtra, India	ChIJo0qCHhC95zsRrjHZxnKlcFk	21	1
TRUE		bhosari	Bhosari	Bhosari, Pimpri-Chinchwad, Maharashtra, India	ChIJVzdNwoDHwjsRW_pYGkJZdM8	22	1
TRUE		bhuleshwar	Bhuleshwar	Bhuleshwar, Mumbai, Maharashtra, India	ChIJS0WqlRfO5zsRPBeea8Htcg8	22	1
FALSE		bhuvaneshwari-nagar	Bhuvaneshwari Nagar	Bhuvaneshwari Nagar, Banashankari, Bengaluru, Karnataka, India	ChIJZc8DXr8-rjsRZOyMgkcpSAM	22	1
FALSE		bhuvaneshwari-nagar	Bhuvaneshwari Nagar	Bhuvaneshwari Nagar, Binnipete, Kempapura Agrahara, Bengaluru, Karnataka 560023, India	ChIJlX1hv_49rjsRbdaN4Hps0kM	22	1
FALSE		bhuvaneshwari-nagar	Bhuvaneshwari Nagar	Bhuvaneshwari Nagar, Nagdevanahalli, Bengaluru, Karnataka 560056, India	ChIJPYWlXr8-rjsRiIWhsvLNrig	22	1
FALSE		bhuvaneshwari-nagar	Bhuvaneshwari Nagar	Bhuvaneshwari Nagar, T. Dasarahalli, Bengaluru, Karnataka, India	ChIJG_ZUdIEXrjsRAgeAiG2LRzU	22	1
FALSE		bhuvaneshwari-nagar	Bhuvaneswari Nagar	Bhuvaneswari Nagar, Hebbal Kempapura, Bengaluru, Karnataka, India	ChIJ0aJ2oIEXrjsR7A3zjQ7W8Q4	22	1
FALSE		bhuvaneshwari-nagar	Bhuvaneshwari Nagar	Bhuvaneshwari Nagar, Jnananjyothinagar, Railway Layout, Jnana Ganga Nagar, Bengaluru, Karnataka 560056, India	ChIJEX8QTKI-rjsR5wVjXP66MOE	23	1
FALSE		bia-road	Airport Bus Stand	Airport Bus Stand, Bengaluru International Airport, Gangamuthanahalli, Karnataka 562300, India	ChIJxVc3nQIdrjsRh3vgEu1q_qA	23	1
FALSE		bial	Bhial	Bhial, Himachal Pradesh 176027, India	ChIJccji0MVBGzkR1oMIjb8QwFc	21	1
TRUE		bibvewadi	Bibvewadi	Bibvewadi, Pune, Maharashtra 411037, India	ChIJjXaFQJfqwjsRduKkb30_fRY	22	1
FALSE		bidadi	Bidadi	Bidadi, Karnataka 562109, India	ChIJy6lIiBhGrjsRR2uTOOK-i7c	21	1
FALSE		bidrahalli	Bidrahalli	Bidrahalli, Karnataka 560049, India	ChIJdUePZHYQrjsRmStYhtbKEjY	21	1
TRUE		bilekahalli	Bilekahalli	Bilekahalli, Bengaluru, Karnataka 560076, India	ChIJIYAZRNkUrjsRsCiRog-_i6M	22	1
TRUE		bommanahalli	Bommanahalli	Bommanahalli, Bengaluru, Karnataka 560068, India	ChIJfRkUyO4UrjsR6XFi8njTCs8	22	1
FALSE		bommasandra	Bommasandra	Bommasandra, Karnataka, India	ChIJ4XWn7zdsrjsRxFkskzA5aL8	21	1
TRUE		bopodi	Bopodi	Bopodi, Pune, Maharashtra, India	ChIJFdFvV1G_wjsRamVT2lcd6xA	22	1
FALSE		borivali-east	Borivali East	Borivali East, Mumbai, Maharashtra 400066, India	ChIJyyvQMc6w5zsRedXXF-xXzU0	22	1
FALSE		borivali-west	Borivali West	Borivali West, Mumbai, Maharashtra, India	ChIJ9xfRPM6w5zsRkvZblYtVXVE	22	1
TRUE		brahmand	Brahmand	Brahmand, Thane West, Thane, Maharashtra 400607, India	ChIJG0ZzJ_C75zsRzWQFecMrZCk	22	1
FALSE		breach-candy	Breach Candy	Breach Candy, Cumballa Hill, Mumbai, Maharashtra, India	ChIJLQBHqdjN5zsRon7MDtgXcRc	22	1
TRUE		brigade road	Brigade Road	Brigade Rd, Bengaluru, Karnataka, India	ChIJFWfzXNUVrjsR3YB7Mo3GyWc	23	1
FALSE		brigade-tech-park	Brigade Caladium	Brigade Caladium, Dasarahalli Main Rd, Amruthnagar, Byatarayanapura, Bengaluru, Karnataka 560092, India	ChIJD4Jl2YcXrjsR7x3DqdyPTNM	23	1
TRUE		brookefield	Brookefield	Brookefield, Bengaluru, Karnataka 560037, India	ChIJMXz1nyQSrjsRapXq4IDC75I	22	1
FALSE		btm-layout	BTM Layout	BTM Layout, Bengaluru, Karnataka, India	ChIJMTCpkfwUrjsRP9zLdiXmr_A	22	1
FALSE		budhawar-peth	Budhwar Peth	Budhwar Peth, Pune, Maharashtra, India	ChIJm060u2jAwjsRu8UYeU6YdTs	22	1
FALSE		budigere	Budigere	Budigere, Karnataka 562129, India	ChIJrbWTGbUErjsRyrXbxSeHOOs	21	1
FALSE		bund-garden-road	Bund Garden Road	Bund Garden Rd, Pune, Maharashtra, India	ChIJL5h9C_nAwjsRq3JVzJDbN4I	23	1
FALSE		byculla-east	Byculla East	Byculla East, Byculla, Mumbai, Maharashtra, India	ChIJBdvE-lrO5zsRFJjULgfHGtA	22	1
FALSE		byculla-west	Byculla West	Byculla West, Chinchpokli, Mumbai, Maharashtra, India	ChIJYX4HXUPO5zsRkokKgT6aJRg	22	1
FALSE		cambridge-layout	Cambridge Layout	Cambridge Layout, Jogupalya, Bengaluru, Karnataka, India	ChIJL8Zeg54WrjsRzIebk6zmkPU	22	1
TRUE		camp	Camp	Camp, Pune, Maharashtra, India	ChIJwYkQn0zAwjsR1J-40am3xwo	22	1
FALSE		camp	Camp County	Camp County, TX, USA	ChIJl7gKcI0ENoYRXhxMDUfTwUc	23	1
FALSE		camp	Camp	Camp, AR 72520, USA	ChIJp-xVXF0P0YcRfQjygj4PVJQ	21	1
TRUE		camp	Camp	Camp, IA, USA	ChIJKe-o2DHA7ocR5UiTp3NhMMs	23	1
FALSE		camp	Camp Township	Camp Township, MN, USA	ChIJWVvozXY89YcRj65GSCCi2Z8	23	1
FALSE		camp	Campeche	Campeche, Mexico	ChIJFeLHS0LD6IURw_yqe4z3i-Y	23	1
FALSE		casa-di-mosa	Casa Di Mosa	Casa Di Mosa, 3rd Cross Rd, Green Garden Layout, Silver Springs Layout, Munnekollal, Bengaluru, Karnataka 560066, India	ChIJvYx2ITkSrjsRghzaZR1J4Bw	23	1
FALSE		cbd-belapur	CBD Belapur	CBD Belapur, Navi Mumbai, Maharashtra, India	ChIJYaUX_lLC5zsR3iZti1wjxak	22	1
TRUE		chakala	Chakala	Chakala, Andheri East, Mumbai, Maharashtra 400047, India	ChIJKdFgFjTI5zsRKpuzVWlSG1A	22	1
TRUE		chandapura	Chandapura	Chandapura, Bommasandra, Karnataka 560099, India	ChIJb8YdYdttrjsR8iZf3jhBSb4	22	1
TRUE		chandivali	Chandivali	Chandivali, Powai, Mumbai, Maharashtra, India	ChIJFTW8ywvI5zsRABlRv1yrPs4	22	1
FALSE		channasandra	Channasandra	Channasandra, Karnataka 560089, India	ChIJIc7f9eUgrjsR8IIrq934DAI	21	1
FALSE		channasandra	Chansandra	Chansandra, Bengaluru, Karnataka 560067, India	ChIJG01YCwwOrjsRIAd9w3D6Wi8	22	1
FALSE		channasandra	Channasandra	Channasandra, Karnataka 563128, India	ChIJNRTDOYb_rTsRMFSPB25B6CQ	21	1
TRUE		channasandra	Channasandra	Channasandra, Srinivaspura, Bengaluru, Karnataka 560098, India	ChIJAc85nA4_rjsRjfEmBBv2LeE	22	1
TRUE		charai	Charai	Charai, Thane West, Thane, Maharashtra 400601, India	ChIJnclxojy55zsR7uRjkKsyGTE	22	1
TRUE		charai	Charai	Charai, Borla, Union Park, Chembur, Mumbai, Maharashtra 400071, India	ChIJx1n2n6jI5zsRitA8N1X_FYQ	23	1
FALSE		charkop	Charkop Gaon	Charkop Gaon, Kandivali West, Mumbai, Maharashtra, India	ChIJuVs8erK25zsR-QkW60vMqu0	22	1
TRUE		charkop	Charkop	Charkop, Charkop Gaon, Kandivali West, Mumbai, Maharashtra 400067, India	ChIJhTtIYq625zsRdBwmwLmF7M4	22	1
FALSE		charni-road	Charni Road	Charni Road, Maharshi Karve Rd, Girgaon, Mumbai, Maharashtra 400004, India	ChIJXX5X8xrO5zsRaTMuCOJHlVM	23	1
TRUE		chembur	Chembur	Chembur, Mumbai, Maharashtra, India	ChIJndMI5-3F5zsRbRM_-mTnGtg	22	1
FALSE		chembur	Kurla East	Kurla East, Mumbai, Maharashtra, India	ChIJd3RUsL_I5zsRd2dl6bzG92w	22	2
TRUE		chickpet	Chickpet	Chickpet, Bengaluru, Karnataka 560053, India	ChIJ54y19ggWrjsRPKWxs8ydVc0	22	1
FALSE		chikbanavara	Chikkabanavara	Chikkabanavara, Bengaluru, Karnataka 560090, India	ChIJa20mhRcjrjsRU73vbYXOuFQ	22	1
FALSE		chikka-tirupathi	Chikka Tirupathi	Chikka Tirupathi, Karnataka 563160, India	ChIJ3SqTbzELrjsRp2-zv0l_biw	21	1
FALSE		chikkaballapur	Chikkaballapura	Chikkaballapura, Karnataka 562101, India	ChIJQW-c82DlsTsRKsrp6tUI33E	21	1
TRUE		chikkabidarakallu	Chikkabidarakallu	Chikkabidarakallu, Bengaluru, Karnataka 560073, India	ChIJ3z1mibM8rjsR2Ig_uvultOA	22	1
TRUE		chikkajala	Chikkajala	Chikkajala, Bengaluru, Karnataka 562157, India	ChIJiQVo_b4erjsRCJR7whFWihU	22	1
FALSE		chikkanahalli	Chikkanahalli	Chikkanahalli, Karnataka, India	ChIJx2OEfOk3rjsRlVHc8SKp9hg	21	1
FALSE		chikkanahalli	Chikkanahalli	Chikkanahalli, Karnataka 562127, India	ChIJj8Krv3surjsRJsFcIQofKUI	21	1
TRUE		chikkanahalli	Chikkanahalli	Chikkanahalli, Bandikodegehalli Amanikere, Karnataka, India	ChIJSwRwFkQcrjsRBDR95hhWuXM	22	1
FALSE		chikkanahalli	Chikkanahalli	Chikkanahalli, Karnataka 562130, India	ChIJc6Hd7PT8sTsR1ABA-UP1TuM	21	1
TRUE		chinchpokli	Chinchpokli	Chinchpokli, Mumbai, Maharashtra 400012, India	ChIJMzO6rF7O5zsRf1fxXNOeIys	22	1
FALSE		chinchwad	Pimpri-Chinchwad	Pimpri-Chinchwad, Maharashtra, India	ChIJs-q9fze4wjsR-KCnsdplQiw	21	2
TRUE		chinchwad	Chinchwad	Chinchwad, Pimpri-Chinchwad, Maharashtra, India	ChIJodHDU6W5wjsRiJHgMXaUnps	22	2
FALSE		chintamani	Chintamani	Chintamani, Karnataka 563125, India	ChIJ4c4rbVYEsjsRko68C_jpasE	21	1
TRUE		choodasandra	Choodasandra	Choodasandra, Bengaluru, Karnataka, India	ChIJOefOWTMTrjsRbbvJA8qNZCM	22	1
FALSE		christ-university	Christ University	Christ University, Hosur Road, Campus Road, Bhavani Nagar, Sadduguntepalya, Bengaluru, Karnataka 560029, India	ChIJaVOxnrIVrjsRDINIMvl6OQU	23	1
FALSE		chuna-bhatti	Chunabhatti	Chunabhatti, Sion, Mumbai, Maharashtra 400022, India	ChIJFf38xsXI5zsRlloRC1ZVA14	22	1
FALSE		church-gate	Churchgate	Churchgate, Mumbai, Maharashtra 400020, India	ChIJxbBgE-fR5zsRK6Osdf6NDnE	22	1
TRUE		colaba	Colaba	Colaba, Mumbai, Maharashtra 400005, India	ChIJlcIOo5rR5zsRzws9zlvdtxs	22	1
FALSE		commercial-street	Commercial Street	Commercial Street, Bengaluru, Karnataka, India	ChIJbcFO0okWrjsRfRCaFtIVXbk	23	1
FALSE		cooke-town	Cooke Town	Cooke Town, Bengaluru, Karnataka, India	ChIJnaEfiuUWrjsRO2mK_rQJYxU	22	1
FALSE		cotton-green	Cotton Green	Cotton Green, Cotton Green Zakaria B, Abhyudaya Nagar, Parel, Mumbai, Maharashtra 400033, India	ChIJXX7LJf_O5zsRDcYsjmVh8LA	23	1
FALSE		cox-town	Cox Town	Cox Town, Bengaluru, Karnataka, India	ChIJKdjjJ-wWrjsRS8QhpJ5rUeU	22	1
FALSE		csia	Chhatrapati Shivaji International Airport	Chhatrapati Shivaji International Airport (BOM), Vile Parle East, Vile Parle, Mumbai, Maharashtra 400099, India	ChIJRym9mVDI5zsRrqh0xGAazB4	23	1
FALSE		cst	CST Building	CST Building, Chhatrapati Shivaji Terminus Area, Fort, Mumbai, Maharashtra 400001, India	ChIJewU0-NjR5zsRz8yW-YgZSe4	23	1
FALSE		cuffe-parade	Cuffe Parade	Cuffe Parade, Mumbai, Maharashtra, India	ChIJK0B1dZPR5zsRJEbRNwxOWd8	22	1
FALSE		cv-raman-nagar	C V Raman Nagar	C V Raman Nagar, Bengaluru, Karnataka 560093, India	ChIJywiewU8RrjsR6WUvFJFcNvU	22	1
FALSE		cyber-park	North Park Road	N Park Rd, Kumara Park East, Sheshadripuram, Bengaluru, Karnataka 560001, India	ChIJ9cSz5BUWrjsRAR_91xANzuI	23	1
FALSE		dabaspete	Dabaspete	Dabaspete, Karnataka 562111, India	ChIJh8IaV4LVsTsR7ie2AKINJaM	21	1
FALSE		dadar-east	Dadar East	Dadar East, Mumbai, Maharashtra, India	ChIJe6SP697O5zsRZQ45d8bMo4M	22	1
FALSE		dadar-west	Dadar West	Dadar West, Mumbai, Maharashtra 400028, India	ChIJ4z3f-cTO5zsRiIQLKxv2TsU	22	1
TRUE		daffodil	Daffodil	Daffodil, 17th Cross Rd, Remco Bhel Layout, Javarandoddi, RR Nagar, Bengaluru, Karnataka 560098, India	ChIJBebM-Fc-rjsRUJ8_cL6_Qg4	23	1
FALSE		dahisar-east	Dahisar East	Dahisar East, Mumbai, Maharashtra, India	ChIJE8w_8-6w5zsRhsViojU7j98	22	1
TRUE		dapodi	Dapodi	Dapodi, Pimpri-Chinchwad, Maharashtra, India	ChIJWx4HwbG4wjsRdQglywPYpG8	22	1
FALSE		dasarahalli	Dasarahalli	Dasarahalli, Karnataka 562114, India	ChIJU8xDTd8FrjsRggcWSAZi-Tw	21	1
FALSE		dasarahalli	Kempegowdanagar	Kempegowdanagar, Bengaluru, Karnataka 560050, India	ChIJ-wod0NY8rjsRhy6GhJeZz7M	22	1
FALSE		deccan-gymkhana	Deccan Gymkhana	Deccan Gymkhana, Pune, Maharashtra 411004, India	ChIJfS8qMI-_wjsRZC5c1rF2ha4	22	1
FALSE		dehu-road	Dehu Road	Dehu Road, Maharashtra 412101, India	ChIJIf-DBcuwwjsR9c570NWHaKY	21	1
TRUE		deonar	Deonar	Deonar, Govandi East, Mumbai, Maharashtra 400043, India	ChIJfULYOhLG5zsRueJl2CsON9w	22	1
TRUE		deonar	Deonar	Deonar, Govandi East, Mumbai, Maharashtra 400088, India	ChIJA-bLbAzG5zsRypVBMo5YZN0	22	1
TRUE		devanahalli	Devanahalli	Devanahalli, Southegowdanahalli, Karnataka 562110, India	ChIJG5NCqX0drjsRwMNCtQZ6U7k	22	1
FALSE		devarachikkana-halli	Devarachikkana Halli	Devarachikkana Halli, Bengaluru, Karnataka, India	ChIJk5DZ9ckUrjsRLqrruBrEf_M	22	1
TRUE		dhankawadi	Dhankawadi	Dhankawadi, Pune, Maharashtra, India	ChIJ3TLxhrfqwjsR8yBKajO8c34	22	1
TRUE		dharavi	Dharavi	Dharavi, Mumbai, Maharashtra, India	ChIJNS2_KtfI5zsRLqgq32KxoFs	22	1
TRUE		dhayari	Dhayari	Dhayari, Pune, Maharashtra, India	ChIJQ20tihqVwjsRoyj64shw2Ek	22	1
TRUE		dhokali	Dhokali	Dhokali, Thane West, Thane, Maharashtra, India	ChIJ5zb_HVG55zsRYVfmRDUpdiY	22	1
TRUE		dindoshi	Dindoshi	Dindoshi, Malad East, Mumbai, Maharashtra, India	ChIJaSgK3we35zsRlz6d-6a9FHY	22	1
TRUE		diva	Diva	Diva, Thane, Maharashtra 400612, India	ChIJTyU_ZKq_5zsR78IBNejah_w	22	1
FALSE		divyasree-technopark	Divyashree Technopark	Divyashree Technopark, Kundalahalli, Whitefield, Bengaluru, Karnataka 560037, India	ChIJGRBswR4SrjsR9z33l3nCvfI	23	1
TRUE		dockyard	Dockyard	Dockyard, Rly Colony, Railway Colony, Byculla, Mumbai, Maharashtra 400010, India	ChIJf42xcEnO5zsRhSJ5sf-tObA	23	1
FALSE		dodda-banasvadi	Dodda Banaswadi	Dodda Banaswadi, Bengaluru, Karnataka 080, India	ChIJ79qlnCoXrjsRuTFJ96MEb_E	22	1
FALSE		doddaballapur	Doddaballapura	Doddaballapura, Karnataka, India	ChIJoyNj6TjesTsRYxHY5TJrkL8	21	1
FALSE		doddaballapur-road	Doddaballapur Road	Doddaballapur Rd, Karnataka, India	ChIJxx5DWKQYrjsRwY-xORke-xo	23	1
TRUE		doddabommasandra	Doddabommasandra	Doddabommasandra, Bengaluru, Karnataka 560097, India	ChIJ0cRVmAAYrjsRtmqUe-ObHMw	22	1
FALSE		doddenakundi	Doddanekundi	Doddanekundi, Bengaluru, Karnataka 560037, India	ChIJ6YCFXX4RrjsRNSycZt5Eeh0	22	1
FALSE		dollars-colony	Dollars Colony	Dollars Colony, RMV Extension Stage 2, Bengaluru, Karnataka 560094, India	ChIJacTDi-EXrjsRy02b4FsCwAs	22	1
FALSE		dombivli-east	Dombivli East	Dombivli East, Dombivli, Maharashtra, India	ChIJm1zvA4WV5zsRJWVaj3NdhLY	22	1
FALSE		dombivli-west	Dombivli West	Dombivli West, Dombivli, Maharashtra, India	ChIJa5830x--5zsRxfXqrmwpevo	22	1
TRUE		domlur	Domlur	Domlur, Bengaluru, Karnataka 560071, India	ChIJX9OZehsUrjsRjlnPb6fKWYI	22	1
TRUE		dommasandra	Dommasandra	Dommasandra, Bengaluru, Karnataka 562125, India	ChIJsQzJn61yrjsRaEV85C15AQw	22	1
FALSE		dongri	Dongri	Dongri, Maharashtra 400702, India	ChIJrVNVb7Db5zsR1ezZ6D66hRM	21	1
TRUE		dongri	Dongri	Dongri, Umerkhadi, Mumbai, Maharashtra, India	ChIJIWbYJzrO5zsRm89b-ZKllLQ	22	1
TRUE		dongri	Dongri	Dongri, Uttan, Mira Bhayandar, Maharashtra, India	ChIJV6jkhj2y5zsRD2DFPoh2Yqg	22	1
TRUE		ejipura	Ejipura	Ejipura, Bengaluru, Karnataka, India	ChIJS0y-ikIUrjsRFN3g6O5_Jgw	22	1
FALSE		electronic-city-phase-1	Electronics City Phase 1	Electronics City Phase 1, Electronic City, Bengaluru, Karnataka 560100, India	ChIJZ_hTxoRsrjsR-So1cnwXt6I	22	1
FALSE		electronic-city-phase-1	Phase 1	Phase 1, Kammasandra, Electronic City, Bengaluru, Karnataka 560100, India	ChIJeXv4x_dsrjsROiXoJZKhlyA	22	1
FALSE		electronic-city-phase-ii	Electronic City Phase II	Electronic City Phase II, Electronic City, Bengaluru, Karnataka, India	ChIJ-YRO7PJsrjsR2X90TlrzbHg	22	1
FALSE		elite-apartment	Balaji Elite Apartments	Balaji Elite Apartments, 24th Main Rd, Garden Layout, Sector 2, HSR Layout, Bengaluru, Karnataka 560102, India	ChIJLWFQJp8UrjsRkfXb3I4omoo	23	1
FALSE		elphinstone-road	Elphinstone Road Railway Station	Elphinstone Road Railway Station, Balasheth Mandurkar Marg, Krishna Nagar, Parel, Mumbai, Maharashtra 400012, India	ChIJx1J7O-nO5zsR5NYtIWlrBok	23	1
FALSE		embassy-golf-links-business-park	Embassy Golf Links Business Park	Embassy Golf Links Business Park, Challaghatta, Bengaluru, Karnataka, India	ChIJBSCmOAwUrjsRo74fKgI_Q9E	22	1
FALSE		erandwana	Erandwane	Erandwane, Pune, Maharashtra, India	ChIJw_ByX4u_wjsRepsU4gtM_wk	22	1
FALSE		fatima-nagar	Fatima Nagar	Fatima Nagar, Wanowrie, Pune, Maharashtra, India	ChIJW6k-38XBwjsRdfgu_hK3nUo	22	1
FALSE		fergusson-college	Fergusson College Bus Stop	Fergusson College Bus Stop, Fergusson College Rd, Fergusson College Campus, Shivajinagar, Pune, Maharashtra 411004, India	ChIJtZcUs4C_wjsRm__kftFMOs4	23	1
FALSE		fergusson-college-road	Fergusson College Road	Fergusson College Rd, Pune, Maharashtra, India	ChIJfwmqTX_AwjsRCVBddmCbM84	23	1
FALSE		fortuna-apartment	Fortuna Megha Apartments	Fortuna Megha Apartments, 44/3, 5th Cross Rd, Krishna Reddy Layout, Ramamurthy Nagar, Bengaluru, Karnataka 560016, India	ChIJlacBoScRrjsR0klfeqh2b0Q	23	1
FALSE		frazer-town	Pulikeshi Nagar	Pulikeshi Nagar, Bengaluru, Karnataka 560005, India	ChIJPYDzqfYWrjsR8VRXGUdUc2E	22	1
TRUE		gamdevi	Gamdevi	Gamdevi, Mumbai, Maharashtra 400007, India	ChIJk9w60w3O5zsRv5PhO1Smjq0	22	1
FALSE		gandhi-nagar	Gandhi Nagar	Gandhi Nagar, Bengaluru, Karnataka, India	ChIJgXTN4RAWrjsRHTfNXzwM_zk	22	1
FALSE		gandhi-nagar	Gandhi Nagar	Gandhi Nagar, Munnekollal, Bengaluru, Karnataka 560037, India	ChIJrzRB2RUSrjsRIUGQMHUiMZQ	22	1
FALSE		ganga-nagar	Ganganagar	Ganganagar, Bengaluru, Karnataka, India	ChIJMT6KEbcXrjsRmE6Je24lUy8	22	1
FALSE		gayatri-tech-park	Gayatri Tech Park	Gayatri Tech Park, 1B, EPIP Zone Whitefield Rd, Kundalahalli, Whitefield, Bengaluru, Karnataka 560066, India	ChIJ_codfiASrjsRJlka83KhikQ	23	1
TRUE		ghansoli	Ghansoli	Ghansoli, Navi Mumbai, Maharashtra, India	ChIJy0_9CK7A5zsRf5UOcww2Kes	22	1
FALSE		ghatkopar-east	Ghatkopar East	Ghatkopar East, Mumbai, Maharashtra, India	ChIJ2UWx3DHG5zsRQRGhESB8Lu0	22	1
FALSE		ghatkopar-west	Ghatkopar West	Ghatkopar West, Mumbai, Maharashtra, India	ChIJKeZ1Ui3G5zsRiGKnRLEbuRY	22	1
FALSE		ghodbandar	Ghodbander	Ghodbander, Mira Bhayandar, Maharashtra, India	ChIJxUa2KHOw5zsRgJN7vo2QEVY	22	1
FALSE		ghodbunder-road	Ghodbunder Road	Ghodbunder Rd, Thane, Maharashtra, India	ChIJc2jud0665zsRuKzwWpP9ong	23	1
TRUE		girgaon	Girgaon	Girgaon, Mumbai, Maharashtra, India	ChIJvVg5PBDO5zsRovVU-jWOYgk	22	1
FALSE		global-village	Global Village	Global Village, RV Vidyaniketan, Mailasandra, Bengaluru, Karnataka 560068, India	ChIJueQSMOM-rjsRsBmi5S3xB6M	23	1
FALSE		gnr-tech-park	GNR Tech park	GNR Tech park, Kudlu Gate, Krishna Reddy Industrial Area, Hosapalaya, Muneshwara Nagar, Bengaluru, Karnataka 560068, India	ChIJ0f6duboUrjsR3tVK9Qvo2WI	23	1
FALSE		gokhale-nagar	Gokhalenagar	Gokhalenagar, Pune, Maharashtra, India	ChIJP5pW_Jm_wjsR7YLsaT1cXrc	22	1
FALSE		gokuldham	Gokuldham Colony	Gokuldham Colony, Goregaon, Mumbai, Maharashtra 400063, India	ChIJnQ6ESqG35zsRDWnQa32UJ0M	22	1
TRUE		gorai	Gorai	Gorai, Mumbai, Maharashtra, India	ChIJ5eUCdumz5zsRhpr0hDXeecU	22	1
FALSE		goregaon-east	Goregaon	Goregaon, Mumbai, Maharashtra, India	ChIJub3bflq25zsReDAUmYXDR_Q	22	1
FALSE		goregaon-west	Goregaon West	Goregaon West, Mumbai, Maharashtra 400062, India	ChIJEX_SgVC25zsR4z5GacG63aM	22	1
FALSE		govandi	Govandi East	Govandi East, Mumbai, Maharashtra, India	ChIJqfCgMg3G5zsR2lKkAw7vgbM	22	1
FALSE		grant-road-east	Grant Road East	Grant Road East, Bharat Nagar, Grant Road, Mumbai, Maharashtra, India	ChIJMUCC4xLO5zsRLZUHkwqN3h4	22	1
FALSE		grant-road-west	Grant Road West	Grant Road West, Zoroastrian Colony, Grant Road, Mumbai, Maharashtra 400007, India	ChIJL45rUg3O5zsRuEbeqHbCwYU	22	1
FALSE		gtb-nagar	Guru Tegh Bahadur Nagar	Guru Tegh Bahadur Nagar, Panvel, Navi Mumbai, Maharashtra 410206, India	ChIJ_2IwUV7o5zsRp_sUpSV_Jc8	22	1
FALSE		gtb-nagar	GTB Nagar	GTB Nagar, Lalbaug, Everard Nagar, Sion, Mumbai, Maharashtra 400022, India	ChIJU0ya6bfI5zsRFaAE3NnFKNs	23	1
FALSE		gtb-nagar	G.T.B.Nagar	G.T.B.Nagar, Sindh Seva Samiti Nagar, Antop Hill, Mumbai, Maharashtra, India	ChIJL_mZCzLP5zsRGEGCDv5XgMQ	23	1
FALSE		gultekadi-and-market-yard	Market Yard	Market Yard, Gultekdi, Pune, Maharashtra 411037, India	ChIJwzxu-CDAwjsR5WfmLDTWlqc	22	1
TRUE		gunjur	Gunjur	Gunjur, Bengaluru, Karnataka 560087, India	ChIJ1cC0m4USrjsRlnHLdK7IhLU	22	1
TRUE		hadapsar	Hadapsar	Hadapsar, Pune, Maharashtra 411028, India	ChIJ6arxgf_pwjsRU4usVTU0YCU	22	1
FALSE		haji-ali	Haji Ali	Haji Ali, Mumbai, Maharashtra, India	ChIJ8xjv0nvO5zsRVc_QGUqcfOg	22	1
TRUE		hal	Hal	Hal, New Tippasandra, Bengaluru, Karnataka, India	ChIJBySRbaoWrjsRTBwAtBhrFy4	22	1
TRUE		hal	HAL	HAL, Bengaluru, Karnataka 560017, India	ChIJs8dRXewTrjsR-rDy25lGJLI	22	1
TRUE		harlur	Harlur	Harlur, Bengaluru, Karnataka, India	ChIJvSKk8l0TrjsR-HIecV2eyDI	22	1
FALSE		haudin-road	Haudin Road	Haudin Rd, Yellappa Chetty Layout, Sivanchetti Gardens, Bengaluru, Karnataka 560042, India	ChIJ3Q7kyIQWrjsRvn56VznHp_g	23	1
FALSE		hbr-layout	HBR Layout	HBR Layout, Bengaluru, Karnataka 560043, India	ChIJe33LDjsXrjsRz6kBCnbnsdQ	22	1
FALSE		hbr-layout	HRBR Layout	HRBR Layout, Kalyan Nagar, Bengaluru, Karnataka 560043, India	ChIJIeeB6isXrjsRmg3CP1jNkX4	22	2
TRUE		hebbal	Hebbal	Hebbal, Bengaluru, Karnataka 560024, India	ChIJRwrYlaIXrjsRWUexKPPLPBo	22	1
FALSE		hebbal	Vinayakanagar	Vinayakanagar, Hebbal, Bengaluru, Karnataka 560024, India	ChIJLfM8HL4XrjsR5vKX2XNvtdw	22	1
FALSE		hegde-nagar	R.K. Hegde Nagar	R.K. Hegde Nagar, Bengaluru, Karnataka, India	ChIJLZHw0NwZrjsRbWJq6IZ2A-k	22	2
FALSE		hennur	Hennur Gardens	Hennur Gardens, Bengaluru, Karnataka, India	ChIJt_HEzi0XrjsRiv_DIQD0PFI	22	1
FALSE		hesaraghatta	Hesaraghatta	Hesaraghatta, Karnataka 560088, India	ChIJC1aV0v0jrjsRlUBeYq2WDTs	21	1
FALSE		hinjawadi-phase-2	Phase 2	Phase 2, Hinjewadi Rajiv Gandhi Infotech Park, Hinjawadi, Pune, Maharashtra, India	ChIJ-6Mn6qW7wjsR-wdfudxwJ7o	22	1
FALSE		hinjawadi-phase-3	Phase 3	Phase 3, Hinjewadi Rajiv Gandhi Infotech Park, Hinjawadi, Pune, Maharashtra 411057, India	ChIJhaG8whK7wjsR9Nx6YsOfh7M	22	1
FALSE		hinjewadi-phase-1	Phase 1	Phase 1, Hinjewadi Rajiv Gandhi Infotech Park, Hinjawadi, Pune, Maharashtra, India	ChIJLbvrhcO7wjsRQm5Z_zqQWao	22	1
FALSE		hiranandani-estate	Hiranandani Estate	Hiranandani Estate, Thane West, Thane, Maharashtra 400607, India	ChIJj5RlxPK75zsR8VSY1uW1-Mc	22	1
FALSE		hombegowda-nagar	Hombegowda Nagar	Hombegowda Nagar, Bengaluru, Karnataka, India	ChIJf6fYU7gVrjsRm4oNUBcrcXo	22	1
TRUE		hongasandra	Hongasandra	Hongasandra, Bengaluru, Karnataka 560068, India	ChIJS6gB7MAUrjsRoXBMeJaXm_M	22	1
TRUE		hoodi	Hoodi	Hoodi, Bengaluru, Karnataka 560048, India	ChIJD1FpvJMRrjsRSPg6XJzpz5I	22	1
TRUE		horamavu	Horamavu	Horamavu, Bengaluru, Karnataka, India	ChIJcVwGKtAQrjsRxXoaRFHZjQA	22	1
TRUE		hosakerehalli	Hosakerehalli	Hosakerehalli, Bengaluru, Karnataka 560085, India	ChIJ_Q0E4Us-rjsRIk3L21mNQAM	22	1
FALSE		hoskote	Hoskote	Hoskote, Karnataka, India	ChIJG9pLtngFrjsRiC9fWki2JBc	21	1
FALSE		hosur-road	Road	Road, TNHB Lands, Moranapalli, Tamil Nadu 635109, India	ChIJ0_vFrUR3rjsRpLMSbiPMYbs	23	1
FALSE		hrbr-layout	HRBR Layout	HRBR Layout, Kalyan Nagar, Bengaluru, Karnataka 560043, India	ChIJIeeB6isXrjsRmg3CP1jNkX4	22	2
FALSE		hsr-layout	HSR Layout	HSR Layout, Bengaluru, Karnataka 560102, India	ChIJzW7cv5EUrjsRecj7OYRxMvI	22	1
TRUE		hulimavu	Hulimavu	Hulimavu, Bengaluru, Karnataka 560076, India	ChIJlWpoKNRqrjsRnkhk-wJHg58	22	1
FALSE		huskur	Huskur	Huskur, Karnataka 560099, India	ChIJA0-97BhtrjsRw4pocjvZ0IE	21	1
FALSE		huskur	Huskur	Huskur, Karnataka 562129, India	ChIJgxEx2PgPrjsRJKmzXhESVnU	21	1
FALSE		huskur	Huskuru	Huskuru, Karnataka 562123, India	ChIJf6jB4TUkrjsRDZKAe63IATw	21	1
FALSE		ibc-knowledge-park	IBC Knowledge Park	IBC Knowledge Park, Bhavani Nagar, Sadduguntepalya, Bengaluru, Karnataka 560029, India	ChIJu-PBlK0VrjsRCIpQmWCt5pM	23	1
FALSE		ic-colony	I C Colony	I C Colony, Borivali West, Mumbai, Maharashtra, India	ChIJ5QzKZx6x5zsRSlZOLKNiSlA	22	1
FALSE		ic-colony	I C Colony	I C Colony, I C Colony, Borivali West, Mumbai, Maharashtra, India	ChIJRXxgeB6x5zsRonbJiqGc0Zs	22	1
FALSE		iit-bombay	IIT Area	IIT Area, Powai, Mumbai, Maharashtra, India	ChIJU6StiAe45zsRwu-jReYYL24	22	1
TRUE		indiranagar	Indiranagar	Indiranagar, Bengaluru, Karnataka 560038, India	ChIJkQN3GKQWrjsRNhBQJrhGD7U	22	1
FALSE		infantry-road	Infantry Road	Infantry Rd, Bengaluru, Karnataka, India	ChIJAyb1MmkWrjsR_0plesNKGck	23	1
FALSE		infosys-electronics-city	Infosys	Infosys, Electronics City Phase 1, Electronic City, Bengaluru, Karnataka 560100	ChIJIRtXOIVsrjsRSiLQ5eKgNsk	23	1
FALSE		isro-layout	ISRO Layout	ISRO Layout, Bengaluru, Karnataka 560078, India	ChIJZa4RO94_rjsRbMsauCo4468	22	1
FALSE		itpl	ITPL Bus Stop	ITPL Bus Stop, ITPL Main Rd, Kadugodi, Bengaluru, Karnataka 560067, India	ChIJrzN1-uQRrjsR75jsb_sLnBk	23	1
FALSE		j-b-nagar	J.B. Nagar	J.B. Nagar, Tarun Bharat, Andheri East, Mumbai, Maharashtra 400047, India	ChIJt_k1HjjI5zsRDOBcmXwFKxY	22	1
FALSE		j-b-nagar	J B Nagar	J B Nagar, Andheri East, Mumbai, Maharashtra 400047, India	ChIJt8_u6TjI5zsRR9eE5rMK45A	22	1
TRUE		jakkur	Jakkur	Jakkur, Bengaluru, Karnataka 560064, India	ChIJV1_PmNAZrjsRT7Fcs9RvnLA	22	1
FALSE		jalahalli-cross	Jalahalli Cross Road	Jalahalli Cross Rd, Bengaluru, Karnataka, India	ChIJq8XXqSc9rjsRr39qpgfNbQo	23	1
FALSE		jalahalli-west	Jalahalli West	Jalahalli West, Bengaluru, Karnataka 560015, India	ChIJ2QlXyjM9rjsR0Q08_aU_SwQ	22	1
FALSE		jangali-maharaj-road	Jangali Maharaj Road	Jangali Maharaj Rd, Pune, Maharashtra, India	ChIJmemZn3nAwjsRCNov2IKt3MQ	23	1
FALSE		jaya-chamarajendra-nagar	J.C.Nagar	J.C.Nagar, Bengaluru, Karnataka 560006, India	ChIJx1FDAFIWrjsRfKkTmrvQthI	22	1
TRUE		jayamahal	Jayamahal	Jayamahal, Bengaluru, Karnataka, India	ChIJuSFvvlAWrjsRbkPtTgU9kB8	22	1
FALSE		jayanagar	Jaya Nagar	Jaya Nagar, Bengaluru, Karnataka 560041, India	ChIJ2ddlZ5gVrjsRh1BOAaf-ors	22	1
FALSE		jeevan-samskruthi-apartment	Jeevan Samskruthi Apartment	Jeevan Samskruthi Apartment, 4th A Cross, Shirdi Sai Nagar, Munnekollal, Bengaluru, Karnataka 560037, India	ChIJ5zkhc0cSrjsRzx2gIaUp398	23	1
FALSE		jeevanbheema-nagar	Jeevanbheemanagar	Jeevanbheemanagar, Bengaluru, Karnataka 560075, India	ChIJS746mP4TrjsR7JZcPztktRA	22	1
FALSE		jigani	Jigani	Jigani, Karnataka 560105, India	ChIJkwfo01BprjsRaoWdxMT6upM	21	1
FALSE		jnana-ganga-nagar	Jnana Ganga Nagar	Jnana Ganga Nagar, Bengaluru, Karnataka 560056, India	ChIJgf6aTbw-rjsRYft3FUnXUVA	22	1
FALSE		jogeshwari-east	Jogeshwari East	Jogeshwari East, Mumbai, Maharashtra, India	ChIJm97zdju25zsR-LEAf9IcHR4	22	1
FALSE		jogeshwari-west	Jogeshwari West	Jogeshwari West, Mumbai, Maharashtra 400047, India	ChIJaQzvzjq25zsRO_p9KPIMqCo	22	1
FALSE		jp-nagar	J P Nagar	J P Nagar, Bengaluru, Karnataka 560078, India	ChIJK6dJcw0VrjsRRj3d4aE-0PM	22	1
FALSE		jp-nagar	Ramaiah Garden	Ramaiah Garden, JP Nagar Phase 6, J P Nagar, Bengaluru, Karnataka 560078, India	ChIJCYtw9j8VrjsRyG9bm82aGFo	22	1
FALSE		jubliee-meredian	Jubliee Meredian	Jubliee Meredian, 13th Main, Ward 113, 3rd Main Rd, Konena Agrahara, Murugeshpalya, Bengaluru, Karnataka 500017, India	ChIJadre2PATrjsRR--s3d0layY	23	1
TRUE		juhu	Juhu	Juhu, Mumbai, Maharashtra 400049, India	ChIJB7rUlb_J5zsRoc62Npx8BDU	22	1
TRUE		juinagar	Juinagar	Juinagar, Navi Mumbai, Maharashtra, India	ChIJe8MFVODD5zsR0YEZgJcFfDA	22	1
TRUE		kadabagere	Kadabagere	Kadabagere, Bengaluru, Karnataka 562130, India	ChIJe8MJ6K47rjsR2rkLfy4HSkQ	22	1
TRUE		kadugodi	Kadugodi	Kadugodi, Bengaluru, Karnataka, India	ChIJERs-PT4OrjsRu70kITZTReA	22	1
TRUE		kadugodi	Kadugodi	Kadugodi, Bengaluru, Karnataka, India	ChIJOSs_5-ERrjsReqY-bpqAT5w	22	1
TRUE		kadugondanahalli	Kadugondanahalli	Kadugondanahalli, Bengaluru, Karnataka, India	ChIJA-DOohwXrjsR_cB4Hs3Mhic	22	1
TRUE		kaggadasapura	Kaggadasapura	Kaggadasapura, Bengaluru, Karnataka 560093, India	ChIJLy0ycl0RrjsRPDtUMy_Imnc	22	1
TRUE		kaikondrahalli	Kaikondrahalli	Kaikondrahalli, Bengaluru, Karnataka, India	ChIJLzg-phITrjsR0vlekJ_3xBI	22	1
TRUE		kalamboli	Kalamboli	Kalamboli, Panvel, Navi Mumbai, Maharashtra, India	ChIJeWXYy9bp5zsRSL0ud49oUhs	22	1
TRUE		kalbadevi	Kalbadevi	Kalbadevi, Mumbai, Maharashtra, India	ChIJG7sKKCLO5zsR_H6x-j9HG_k	22	1
FALSE		kalena-agrahara	Kalena Agrahara	Kalena Agrahara, Bengaluru, Karnataka 560076, India	ChIJcTYIac9qrjsRHIQCC_5Kd_E	22	1
FALSE		kalina	Kalino	Kalino, Poland	ChIJV6s7Xx4yGkcRSVuejytsXDk	21	1
FALSE		kalina	Kalinov	068 01 Kalinov, Slovakia	ChIJicl7mJAbPEcR0D-XxtH3AAQ	21	1
TRUE		kalkere	Kalkere	Kalkere, Bengaluru, Karnataka 560016, India	ChIJtw9_CMEQrjsRYtlkJxGjlwY	22	1
TRUE		kalwa	Kalwa	Kalwa, Thane, Maharashtra 400605, India	ChIJsek7ctO-5zsRxKyr_iv6ZRw	22	1
FALSE		kalyan-east	Kalyan East	Kalyan East, Kalyan, Maharashtra 421306, India	ChIJn8UJuM6V5zsRzJyAn0gr2yY	22	1
FALSE		kalyan-nagar	Kalyan Nagar	Kalyan Nagar, Bengaluru, Karnataka 560043, India	ChIJGVJUECQXrjsR-DB5Jgiof2k	22	1
FALSE		kalyan-shil-road	Kalyan - Shilphata Road	Kalyan - Shilphata Rd, Maharashtra, India	ChIJaZdMpNe_5zsRNZzEFhrJyP4	23	1
FALSE		kalyan-west	Kalyan West	Kalyan West, Kalyan, Maharashtra 421301, India	ChIJmz34-9eV5zsRfx7ByY3Xo-4	22	1
FALSE		kalyani-nagar	Kalyani Nagar	Kalyani Nagar, Pune, Maharashtra, India	ChIJxZBnkBDBwjsRcpq1NoUtYVY	22	1
TRUE		kammanahalli	Kammanahalli	Kammanahalli, Bengaluru, Karnataka, India	ChIJJ-OsSyEXrjsR0hNujIQktYM	22	1
FALSE		kammasandra	Kammasandra	Kammasandra, Karnataka, India	ChIJqUnGc4warjsRXTN9BQ4USCg	21	1
TRUE		kammasandra	Kammasandra	Kammasandra, Electronic City, Bengaluru, Karnataka 560100, India	ChIJq28M2FBsrjsRSb03CvSpQf8	22	1
FALSE		kammasandra-agrahara	Kammasandra Agrahara	Kammasandra Agrahara, Karnataka, India	ChIJL33QBqlvrjsREyDuJHCb7t4	21	1
TRUE		kamothe	Kamothe	Kamothe, Panvel, Navi Mumbai, Maharashtra 410206, India	ChIJrW_BkNPp5zsR_XHBtpZgokU	22	1
TRUE		kanakapura	Kanakapura	Kanakapura, Basavanagudi, Bengaluru, Karnataka 560004, India	ChIJRbkbapMVrjsRpRvbB4g3Udc	22	1
FALSE		kanakapura	Kanakapura	Kanakapura, Karnataka 562117, India	ChIJF-8GSlFYrjsRQBJDdolpeis	21	1
FALSE		kanakapura	Kanakapura	Kanakapura, Karnataka 562117, India	ChIJWSygP-1YrjsRPJ_2TuLLczY	21	1
FALSE		kanakapura-road	Kanakapura Road	Kanakapura Rd, Bengaluru, Karnataka, India	ChIJU0A-43cVrjsR1coYImVAZw8	23	1
FALSE		kandivali-east	Kandivali East	Kandivali East, Mumbai, Maharashtra, India	ChIJiVccSjy35zsRw4EfvasM5JY	22	1
FALSE		kandivali-west	Kandivali West	Kandivali West, Mumbai, Maharashtra 400067, India	ChIJH7IAHse25zsRE1VXffWxdPo	22	1
FALSE		kanjurmarg	Kanjurmarg Railway Station	Kanjurmarg Railway Station, Kanjurmarg Sky Walk, Laxmi Udyog Nagar, Kanjurmarg West, Bhandup East, Mumbai, Maharashtra 400078, India	ChIJ8XkAJ4zH5zsRtiuGSxn5MYM	23	1
FALSE		kannamangala	Kannamangala	Kannamangala, Karnataka, India	ChIJY3QOmU0mrjsRoOzSzutZCr8	21	1
FALSE		kapur-bawdi	Kapurbawdi	Kapurbawdi, Thane West, Thane, Maharashtra, India	ChIJ9XehxVy55zsRTe3aIiw8-44	22	1
TRUE		karanjade	Karanjade	Karanjade, Panvel, Navi Mumbai, Maharashtra, India	ChIJ7yyqWgvo5zsRIyFG42EDtmY	22	1
FALSE		karjat	Karjat	Karjat, Maharashtra 410201, India	ChIJM6uk0Jz75zsRT1nlkg6PwiQ	21	1
FALSE		karve-road	Karve Road	Karve Rd, Dombivli West, Dombivli, Maharashtra 421202, India	ChIJURZoZfWV5zsREOG58T0rXvA	23	1
FALSE		kasara	कसारा	कसारा, Maharashtra 421602, India	ChIJ00k9-KyA3TsRRR9GDcajzAw	21	1
TRUE		kasarvadavali	Kasarvadavali	Kasarvadavali, Thane West, Thane, Maharashtra 400615, India	ChIJsf4NHaK75zsRrtoE8NI2FWE	22	1
TRUE		kasavanahalli	Kasavanahalli	Kasavanahalli, Bengaluru, Karnataka 560035, India	ChIJwXS70WoTrjsRCtm_QknbhTA	22	1
TRUE		kashimira	Kashimira	Kashimira, Mira Road East, Mira Bhayandar, Maharashtra 401107, India	ChIJk0ikcGSw5zsR4INsaN6qiPI	22	1
FALSE		kasturi-nagar	Kasturi Nagar	Kasturi Nagar, Bengaluru, Karnataka, India	ChIJPZK3lTERrjsRGRr-U4tTV6Q	22	1
TRUE		katraj	Katraj	Katraj, Pune, Maharashtra, India	ChIJh19lAcHqwjsRyJoM1iAKW8w	22	1
TRUE		kattigenahalli	Kattigenahalli	Kattigenahalli, Bengaluru, Karnataka, India	ChIJS2l1DBcZrjsRgLVm-mhm-oY	22	1
FALSE		kb-homes	K B Homes	K B Homes, Sai Baba Temple Rd, Silver Springs Layout, Munnekollal, Bengaluru, Karnataka 560066, India	ChIJ27BwXEcSrjsRa4-kKv81Zro	23	1
FALSE		kc-college	K.C. College	K.C. College, Churchgate, Mumbai, Maharashtra 400020	ChIJ8VfzGejR5zsR0BnkBP50kIk	23	1
FALSE		keerthana-enclave	Keerthana Enclave	Keerthana Enclave, 57/2, 2A Cross Rd, Shirdi Sai Nagar, Munnekollal, Bengaluru, Karnataka 560037, India	ChIJDwPLA0cSrjsRIX8FQo91EDE	23	1
FALSE		keerthi-gardenia	Keerthi Gardenia	Keerthi Gardenia, Vibgyor High School Rd, Thubarahalli, Whitefield, Bengaluru, Karnataka 560066, India	ChIJ0yVWOkESrjsRgw6Z-ZL8qxA	23	1
TRUE		kempapura	Kempapura	Kempapura, Bellandur, Bengaluru, Karnataka, India	ChIJkUG6P5QTrjsRU7E3zHscNSg	22	1
FALSE		kempapura	Kempapura	Kempapura, Karnataka 562114, India	ChIJr4BVtVkErjsRsVYhfDCEDsU	21	1
TRUE		kempapura	Kempapura	Kempapura, Kalthamanahlli, Kukkanahalli, Karnataka 560089, India	ChIJIWKrXJEmrjsRG2P2CqQo62g	22	1
TRUE		kempapura	Kempapura	Kempapura, Bengaluru, Karnataka 560090, India	ChIJr7N-nQkjrjsRHgn78J3dnUY	22	1
FALSE		kempegowda-nagar	Kempegowda Nagar	Kempegowda Nagar, Bengaluru, Karnataka, India	ChIJM-rxmfYVrjsR5-IgF57RzGc	22	1
TRUE		kengeri	Kengeri	Kengeri, Bengaluru, Karnataka 560060, India	ChIJt9ITyTA_rjsRosyJzE7Ju-k	22	1
FALSE		kengeri-satellite-town	Kengeri Satellite Town	Kengeri Satellite Town, Bengaluru, Karnataka, India	ChIJeRwWRdk-rjsRQVJoR_1ddic	22	1
TRUE		khadakpada	Khadakpada	Khadakpada, Kalyan, Maharashtra, India	ChIJm0hFuIeW5zsRpVunRqkFTVI	22	1
TRUE		khadakwasla	Khadakwasla	Khadakwasla, Pune, Maharashtra, India	ChIJMewU_JKVwjsRgn3cTDlJzqk	22	1
TRUE		khadki	Khadki	Khadki, Pune, Maharashtra, India	ChIJjb3Xh02_wjsRF4gmTEPJvxs	22	1
FALSE		khanda-colony	Khanda Colony	Khanda Colony, Panvel, Navi Mumbai, Maharashtra 410206, India	ChIJG01cIEjo5zsRXFgzv8M0DHI	22	1
FALSE		khandeshwar	Khandeshhwar	Khandeshhwar, Panvel, Navi Mumbai, Maharashtra 410206, India	ChIJ8dR3Myzo5zsRXKyT3scgtGk	22	1
FALSE		khar-east	Khar East	Khar East, Mumbai, Maharashtra, India	ChIJ23OTzgTJ5zsRUGLSLiY8PW4	22	1
FALSE		khar-west	Khar West	Khar West, Mumbai, Maharashtra, India	ChIJA5D10QTJ5zsR1B-PEtch7T8	22	1
TRUE		kharadi	Kharadi	Kharadi, Pune, Maharashtra, India	ChIJlaSLKMPDwjsRSgBjOmEz6Dg	22	1
FALSE		kharadi-it-park	IT Park	IT Park, Dhanori Rd, Bhairav Nagar, Dhanori, Pune, Maharashtra 411015, India	ChIJn3N18yvHwjsR7atdBM5kSP4	23	1
TRUE		kharghar	Kharghar	Kharghar, Navi Mumbai, Maharashtra 410210, India	ChIJgwvjUxrC5zsR1wl3aJ-yZqc	22	1
TRUE		khetwadi	Khetwadi	Khetwadi, Girgaon, Mumbai, Maharashtra 400004, India	ChIJbfmM4RbO5zsRI-Mj8eI-GQk	22	1
TRUE		khopat	Khopat	Khopat, Thane West, Thane, Maharashtra 400601, India	ChIJ64Varj255zsR5yLhSRHfMtQ	22	1
FALSE		khopoli	Khopoli	Khopoli, Maharashtra, India	ChIJtVCAsBEH6DsRbdjbcWgd_Gg	21	1
FALSE		kings-circle	Kings Circle	Kings Circle, KA Subramanyam Marg, Sundar Kamla Nagar, Brahmanwada, Matunga, Mumbai, Maharashtra 400019, India	ChIJXQdn9yvP5zsRhfy-LV3-x0Y	23	1
FALSE		kodichikkanahalli	Kodichikknahalli	Kodichikknahalli, Seenappa Layout, Bommanahalli, Bengaluru, Karnataka, India	ChIJCzQu9dsUrjsRH3LabKEE1t8	22	1
TRUE		kodigehalli	Kodigehalli	Kodigehalli, Bengaluru, Karnataka 560092, India	ChIJSYBXPB4YrjsRXG35PwkicR8	22	1
TRUE		kodihalli	Kodihalli	Kodihalli, Bengaluru, Karnataka 560017, India	ChIJBTH3oQUUrjsRjQe1vOqLVIA	22	1
TRUE		kodipur	Kodipur	Kodipur, Bengaluru, Karnataka, India	ChIJVQneSLc_rjsRQUhMnUow-G4	22	1
TRUE		kogilu	Kogilu	Kogilu, Bengaluru, Karnataka 560064, India	ChIJrY_taqsZrjsRGtdmVYbwe0o	22	1
FALSE		kolshet-road	Kolshet Road	Kolshet Rd, Thane West, Thane, Maharashtra, India	ChIJH_kh21W55zsRoGr3hEgTxxo	23	1
TRUE		konanakunte	Konanakunte	Konanakunte, Bengaluru, Karnataka, India	ChIJdXzxVf0_rjsR23TXdkbWBx0	22	1
TRUE		kondhwa	Kondhwa	Kondhwa, Pune, Maharashtra, India	ChIJT-3xdYrqwjsRSvom9OIVYMw	22	1
FALSE		konena-agrahara	Konena Agrahara	Konena Agrahara, Murugeshpalya, Bengaluru, Karnataka 560017, India	ChIJfywAAfETrjsR7dks-MSxAZ8	22	1
FALSE		kopar-khairane	Kopar Khairane	Kopar Khairane, Navi Mumbai, Maharashtra, India	ChIJfwmTntrA5zsRFPMcmMccTNU	22	1
TRUE		kopri	Kopri	Kopri, Thane East, Thane, Maharashtra, India	ChIJBZokgd245zsRrzT-8hVtA4M	22	1
TRUE		koramangala	Koramangala	Koramangala, Bengaluru, Karnataka, India	ChIJLfyY2E4UrjsRVq4AjI7zgRY	22	1
FALSE		koregaon-park	Koregaon Park	Koregaon Park, Pune, Maharashtra, India	ChIJdRIqOE7AwjsR8s8t4TvuyB4	22	1
TRUE		kothanur	Kothanur	Kothanur, Bengaluru, Karnataka, India	ChIJAcvFalgXrjsRXDUSLi89xeI	22	1
TRUE		kothrud	Kothrud	Kothrud, Pune, Maharashtra 411038, India	ChIJnYSvMre_wjsR8ET-s0iLB9Q	22	1
FALSE		kr-puram	Krishnarajapuram	Krishnarajapuram, Bengaluru, Karnataka, India	ChIJ5-P_yKsRrjsRv1OOyUaHNtg	22	1
FALSE		krithi-residency	Keerthi Residency	Keerthi Residency, 120/2, Manipal County Rd, Aishwarya Crystal Layout, Begur, Bengaluru, Karnataka 560068, India	ChIJAXaufVFrrjsRMGzYceKRX8I	23	1
TRUE		kudlu	Kudlu	Kudlu, Bengaluru, Karnataka 560068, India	ChIJMZLyw1cTrjsR_-2ZqC6Jhcg	22	1
FALSE		kumaraswamy-layout	Kumaraswamy Layout	Kumaraswamy Layout, Bengaluru, Karnataka 560078, India	ChIJH0Nivdg_rjsRGVAlM74jy5g	22	1
FALSE		kurla-east	Kurla East	Kurla East, Mumbai, Maharashtra, India	ChIJd3RUsL_I5zsRd2dl6bzG92w	22	2
FALSE		kurla-west	Kurla West	Kurla West, Mumbai, Maharashtra, India	ChIJlT0pw43I5zsR7ZuEiPpsOuI	22	1
FALSE		kushal-campines	Kushal Campines	Kushal Campines, Sai Baba Temple Rd, Thubarahalli, Munnekollal, Bengaluru, Karnataka 560037, India	ChIJvxaFIUcSrjsRcmUQnWRADRo	23	1
TRUE		laggere	Laggere	Laggere, Bengaluru, Karnataka 560058, India	ChIJIxtoJ6g9rjsRJvz69dWozTE	22	1
FALSE		lal-bagh	Lal Bagh	Lal Bagh, Ashok Vihar, New Delhi, Delhi 110052, India	ChIJawesqh4CDTkRKkjzukR5Zu4	22	1
FALSE		lal-bagh	Lal Bagh	Lal Bagh, Darbhanga, Bihar 846004, India	ChIJSei5ezS47TkRAF_P0EpZ7CU	22	1
FALSE		lal-bagh	Lal Bagh Main Road	Lal Bagh Main Rd, Bengaluru, Karnataka, India	ChIJwe_Mu94VrjsRlMa27efzC1E	23	1
FALSE		lal-bagh	Lal Bagh Road	Lal Bagh Rd, Bengaluru, Karnataka, India	ChIJLyhvjekVrjsRwKmC2LXnIhw	23	1
FALSE		lal-bagh	Lal Bagh Road	Lal Bagh Rd, Mavalli, Bengaluru, Karnataka 560004, India	ChIJSc8yZMIVrjsRfNOUVrtnDi8	23	1
TRUE		lalbaug	Lalbaug	Lalbaug, Manjalpur, Vadodara, Gujarat, India	ChIJlRubxsHFXzkRawVk9hKa_3A	22	1
FALSE		langford-road	Langford Road	Langford Rd, Bengaluru, Karnataka, India	ChIJX4UaFdEVrjsRud1txvOrjrY	23	1
FALSE		langford-town	Langford Town	Langford Town, Shanti Nagar, Bengaluru, Karnataka, India	ChIJM2JjFNIVrjsRhJQzYGy54gY	22	1
FALSE		latha-residency	Latha Residency	Latha Residency, Manjunatha Layout Main Rd, Manjunatha Layout, Thubarahalli, Munnekollal, Bengaluru, Karnataka 560037, India	ChIJ2V8Ua0cSrjsRYtAVFRRaXvw	23	1
FALSE		lavelle-road	Lavelle Road	Lavelle Road, Bengaluru, Karnataka 560001, India	ChIJpUGQsHkWrjsR4cIMRe0GN0E	23	1
FALSE		law-college-road	Law College Road	Law College Rd, Pune, Maharashtra 411004, India	ChIJLyGhGZC_wjsRW7BKDArqeZo	23	1
FALSE		laxmi-road	Laxmi Road	Laxmi Rd, Pune, Maharashtra, India	ChIJGV0LBXHAwjsRAfpHenBEiZE	23	1
FALSE		lb-shastr-nagar	LBS Nagar	LBS Nagar, Kaggadasapura, Bengaluru, Karnataka, India	ChIJ0-HXouETrjsRLOygAzMjpWY	22	1
FALSE		lbs-marg	LBS Marg	LBS Marg, Naya Nagar, Mira Road East, Mira Bhayandar, Maharashtra 401107, India	ChIJ5bxlXU-w5zsRgPFy7Cg743o	23	1
TRUE		lingarajapuram	Lingarajapuram	Lingarajapuram, Bengaluru, Karnataka 560084, India	ChIJVxQ1Zd4WrjsRd3WmfnBfuQQ	22	1
FALSE		linking-road	Linking Road	Linking Rd, Mumbai, Maharashtra, India	ChIJi6BAZw7J5zsR0_lhVM0e6xc	23	1
FALSE		lohegaon	Lohgaon	Lohgaon, Pune, Maharashtra 411047, India	ChIJmcU-ZqPGwjsRlq7bP3p2w0M	22	1
FALSE		lokhandwala	Lokhandwala Building	Lokhandwala Building, Maulana Azad Rd, Nagpada, Mumbai, Maharashtra 400008, India	ChIJsRLZEUDO5zsRSvCOviBspFM	23	1
FALSE		lokhandwala	Lokhandwala Building	Lokhandwala Building, Station Rd, Brahmanwadi, Kurla West, Mumbai, Maharashtra 400070, India	ChIJp3LiRJTI5zsRF0D9FD011Sc	23	1
FALSE		lokhandwala	Lokhandwala Building	Lokhandwala Building, PB Marg, Cawasji Patel Tank, Bhuleshwar, Mumbai, Maharashtra 400004, India	ChIJI3hqKhbO5zsRJ_ZZLyiFsTA	23	1
FALSE		lokhandwala	Lokhandwala Building	Lokhandwala Building, Bapty Rd, Dalal Estate, Kamathipura, Mumbai, Maharashtra 400008, India	ChIJ-w5XvxTO5zsR_woAFDwHCMU	23	1
FALSE		lokhandwala	Lokhandwala Building	Lokhandwala Building, NL Rd, Bandra West, Mumbai, Maharashtra 400050, India	ChIJ50w3HD3J5zsR54VCA8ghS6g	23	1
FALSE		lokhandwala	Lokhandwala Building	Lokhandwala Building, Chimna Butcher St, Kumbharwada, Mumbai, Maharashtra 400003, India	ChIJQ1Ee4D3O5zsREXOodbydu60	23	1
FALSE		lokhandwala	Lokhandwala Building	Lokhandwala Building, 1st Ln, Babulnath, Dadi Sheth Wadi, Malabar Hill, Mumbai, Maharashtra 400006, India	ChIJdUgocQnO5zsRQaAgpqjFAds	23	1
FALSE		lokhandwala	Lokhandwala Building	Lokhandwala Building, Alibhai Valiji Marg, Umerkhadi, Mumbai, Maharashtra 400009, India	ChIJAd_yuzvO5zsR1wXhr16lCnQ	23	1
FALSE		lokhandwala	Lokhandwala Building	Lokhandwala Building, Mangeesh Shenoy St, Borabazar Precinct, Ballard Estate, Fort, Mumbai, Maharashtra 400001, India	ChIJ29xWXtnR5zsRtQXI1DsPHV0	23	1
FALSE		lokhandwala	Lokhandwala Road	Lokhandwala Rd, Andheri West, Mumbai, Maharashtra 400102, India	ChIJra2JRz625zsRl81tspJRBDg	23	1
FALSE		lotus-heights	Lotus Heights	Lotus Heights, 3rd Cross Rd, Green Garden Layout, Silver Springs Layout, Munnekollal, Bengaluru, Karnataka 560066, India	ChIJ1yBPIjkSrjsR_9Jg-eRpk8w	23	1
FALSE		louis-wadi	Louis Wadi	Louis Wadi, Thane West, Thane, Maharashtra, India	ChIJnz2hgBC55zsRGnt9Dj9yoU8	22	1
FALSE		lower-parel	Lower Parel	Lower Parel, Mumbai, Maharashtra, India	ChIJh1xIbI3O5zsRwB4tHYLUzv8	22	1
FALSE		lulla-nagar	Lulla Nagar	Lulla Nagar, Pune, Maharashtra, India	ChIJae8cqoHqwjsRIp12WMCj57w	22	1
TRUE		madiwala	Madiwala	Madiwala, Stage 1, BTM Layout, Bengaluru, Karnataka 560068, India	ChIJaay65lgUrjsR7RFSyHzHAh0	22	1
FALSE		magadi-road	Magadi Road	Magadi Rd, Bengaluru, Karnataka, India	ChIJA6st58M9rjsRpgmXHjEXBgk	23	2
TRUE		magarpatta	Magarpatta	Magarpatta, Mundhwa-Kharadi Rd, Magarpatta City, Hadapsar, Pune, Maharashtra 411028, India	ChIJVYtdJYvBwjsRxePJKqJ_UpM	23	2
FALSE		magarpatta-cybercity	Magarpatta	Magarpatta, NH 9, North Hadapsar, Hadapsar, Pune, Maharashtra 411028, India	ChIJR68ZYfDBwjsRtZSwYviZCVk	23	1
FALSE		magarpatta-cybercity	Magarpatta	Magarpatta, Mundhwa-Kharadi Rd, Magarpatta City, Hadapsar, Pune, Maharashtra 411028, India	ChIJVYtdJYvBwjsRxePJKqJ_UpM	23	2
FALSE		magarpatta-cybercity	Cybercity	Cybercity, Magarpatta City, Hadapsar, Pune, Maharashtra 411028, India	ChIJZ5W3EY3BwjsRqQj0duHO3UA	23	1
FALSE		magarpatta-cybercity	Magarpatta Road	Magarpatta Rd, Pune, Maharashtra, India	ChIJw7kEivDBwjsRGZ_MNFP63Ug	23	1
FALSE		magarpatta-cybercity	Magarpatta Circle	Magarpatta Cir, Magarpatta City, Hadapsar, Pune, Maharashtra 411028, India	ChIJDdhYXIvBwjsRbBG1L-Cu_yc	23	1
TRUE		mahadevapura	Mahadevapura	Mahadevapura, Bengaluru, Karnataka 560048, India	ChIJ5SJ-v20RrjsRdZfVnCnzPf0	22	1
FALSE		mahalakshmi-layout	Mahalakshmi Layout	Mahalakshmi Layout, Bengaluru, Karnataka 560086, India	ChIJZ6biFXE9rjsRUjUG5N7M8vM	22	1
FALSE		mahalaxmi	Mahalakshmi	Mahalakshmi, Mumbai, Maharashtra, India	ChIJVSrJJIjO5zsR6ELPTIq1DSI	22	1
TRUE		mahim	Mahim	Mahim, Mumbai, Maharashtra, India	ChIJXSvYWi7J5zsRDb6EK24J1KU	22	1
TRUE		majestic	Majestic	Majestic, Bengaluru, Karnataka, India	ChIJi-t8KwUWrjsRlp-L9ykb2_k	22	1
TRUE		majiwada	Majiwada	Majiwada, Thane, Maharashtra 400601, India	ChIJ2SZP8Ey55zsRTcZXpMHBL4k	22	1
FALSE		malabar-hill	Malabar Hill	Malabar Hill, Mumbai, Maharashtra, India	ChIJLWj-R-PN5zsRiqL9QYx6C0g	22	1
FALSE		malad-east	Malad East	Malad East, Mumbai, Maharashtra 400097, India	ChIJ29eTK8615zsRqLeb_lxemoc	22	1
FALSE		malad-west	Malad West	Malad West, Mumbai, Maharashtra 400064, India	ChIJ5ajjT5G25zsR1LlNnBBk8nM	22	1
FALSE		malibu-homes-1	Malibu	Malibu, CA, USA	ChIJP9YI-akd6IARWozqsnEtt5M	21	2
FALSE		malibu-homes-2	Malibu	Malibu, CA, USA	ChIJP9YI-akd6IARWozqsnEtt5M	21	2
TRUE		mallathahalli	Mallathahalli	Mallathahalli, Bengaluru, Karnataka 560056, India	ChIJcZsJOpw-rjsRvrS4-lPkd9U	22	1
TRUE		malleshwaram	Malleshwaram	Malleshwaram, Bengaluru, Karnataka 560003, India	ChIJw895_389rjsRvqWkRnqsut8	22	1
TRUE		malvani	Malvani	Malvani, Malad West, Mumbai, Maharashtra, India	ChIJUaQFppG25zsR6X9ZUkt7K0Y	22	1
FALSE		mandvi	Mandvi	Mandvi, Gujarat, India	ChIJCz66EzA0UTkRD-E97f-wuoI	21	1
TRUE		mankhurd	Mankhurd	Mankhurd, Mumbai, Maharashtra, India	ChIJBaxKInjG5zsRw4aucVMMNi8	22	1
TRUE		manpada	Manpada	Manpada, Thane West, Thane, Maharashtra 400607, India	ChIJ6W4clV-55zsR3s4WvsBRW4E	22	1
FALSE		manyata-tech-park	Manayata Tech Park	Manayata Tech Park, Nagavara, Bengaluru, Karnataka 560045, India	ChIJOTexKW4XrjsRFCRkQmW4S-Y	22	1
TRUE		marathahalli	Marathahalli	Marathahalli, Bengaluru, Karnataka 560037, India	ChIJVwkdVbQTrjsRGUkefteUeFk	22	2
FALSE		marine-lines	Marine Lines	Marine Lines, Mumbai, Maharashtra 400002, India	ChIJ7SkwKN7R5zsRmyxEW7c62gU	22	1
TRUE		marol	Marol	Marol, Andheri East, Mumbai, Maharashtra, India	ChIJvwNzyBHI5zsRVswNuaF8oBY	22	1
FALSE		maruthi-nagar	Maruthi Nagar	Maruthi Nagar, Bengaluru, Karnataka, India	ChIJoe8PX589rjsRTcUC4t5zTdI	22	1
FALSE		maruthi-sevanagar	Maruthi Sevanagar	Maruthi Sevanagar, Bengaluru, Karnataka 560033, India	ChIJOZHiKegWrjsRCZnZz7ZsNuo	22	1
FALSE		masjid-bunder	Masjid Bunder Road	Masjid Bunder Rd, Mumbai, Maharashtra 400003, India	ChIJqXMinyTO5zsRcUit69bqCNs	23	1
TRUE		mathikere	Mathikere	Mathikere, Bengaluru, Karnataka 560054, India	ChIJdwI5uN8XrjsRcayAsQV2Xi8	22	1
FALSE		mathru-krupa	Mathru Krupa	Mathru Krupa, 435, Handrihalli Main Rd, Gopal Nagar, Venugopal Nagar, HMT Layout, Bengaluru, Karnataka 560073, India	ChIJ72z1TsI8rjsRHQmygx4ORKE	23	1
FALSE		matunga-central	Matunga Railway Station	Matunga Railway Station, Matunga Central Railway Workshop, Hanuman Nagar, Dadar, Mumbai, Maharashtra 400019, India	ChIJCQm5y9fO5zsRUeigB6dFCIM	23	1
FALSE		matunga-central	Central Building	Central Building, Rd Number 3, Hindu Colony, Dadar, Mumbai, Maharashtra 400014, India	ChIJIZgeSNnO5zsR4kPbgfqN2K0	23	1
FALSE		matunga-central	Central Building	Central Building, A Merchant Rd, Fanas Wadi, Kalbadevi, Mumbai, Maharashtra 400002, India	ChIJPy4-CBjO5zsRABzrVEdzS7g	23	1
FALSE		matunga-central	Central Railway	Central Railway, Mumbai, Maharashtra	ChIJidHKE1zO5zsRogVuiwhK1H0	23	1
FALSE		matunga-central	Matunga Central Railway Workshop	Matunga Central Railway Workshop, Hanuman Nagar, Matunga, Mumbai, Maharashtra, India	ChIJX995ptfO5zsRfazUWX-3PyE	22	1
FALSE		matunga-central	Central Apartment	Central Apartment, Bomanji Master Ln, Tak Wadi, Lohar Chawl, Kalbadevi, Mumbai, Maharashtra 400002, India	ChIJRSTpMiDO5zsR99ESb_27pCc	23	1
FALSE		matunga-east	Matunga	Matunga, Mumbai, Maharashtra 400019, India	ChIJz0hr6dDO5zsRJAMt-2lugXo	22	1
FALSE		matunga-west	Matunga West	Matunga West, Mumbai, Maharashtra 400016, India	ChIJ18QDXtHO5zsRwK7fdQX1_zg	22	1
FALSE		maya-homes	Maya Homes	Maya Homes, 86, Silver Springs Layout, Munnekollal, Bengaluru, Karnataka 560066, India	ChIJyamBZ0cSrjsRzBUArL8pvEw	23	1
FALSE		mazgaon	Mazgaon	Mazgaon, Maharashtra 402401, India	ChIJjaq1UfJC6DsRCahtELwIrIA	21	1
FALSE		mg-road	Mahatma Gandhi Road	MG Road, Bengaluru, Karnataka, India	ChIJE7w9OYcWrjsRnj23UubIcIs	23	1
FALSE		millers-road	Millers Road	Millers Rd, Bengaluru, Karnataka, India	ChIJHY0vCVwWrjsRkiQk4Ny7PFs	23	1
FALSE		mira-bhayandar	Mira Bhayandar	Mira Bhayandar, Maharashtra, India	ChIJ8crPMVmw5zsR8bxJT-hGfXQ	21	1
FALSE		mira-road-east	Mira Road East	Mira Road East, Mira Bhayandar, Maharashtra 401107, India	ChIJiyn3jEWw5zsRISvf6TnYjkY	22	1
FALSE		mira-road-west	Mira Road West	Mira Road West, Mira Bhayandar, Maharashtra, India	ChIJBai_x7Ox5zsRYZ62lyVUPZU	22	1
FALSE		mithibai-college	Mithibai College	Mithibai College, Navyug Society, Suvarna Nagar, Vile Parle, Mumbai, Maharashtra 400047	ChIJYYfWibjJ5zsRi8MkITUraI4	23	1
FALSE		model-colony	Model Colony	Model Colony, Shivajinagar, Pune, Maharashtra 411016, India	ChIJJ2rYS36_wjsRC2GW2x1C2QE	22	1
FALSE		ms-ramaiah	MS Ramaiah Building	MS Ramaiah Building, MS Ramaiah Rd, Poornappa Garden, Mathikere, Bengaluru, Karnataka 560013, India	ChIJKdVERlk9rjsR23YYaLzYGeo	23	1
FALSE		ms-ramaiah	M S Ramaiah Building	M S Ramaiah Building, Kumbaragundi Rd, Kumbaragundi, Kalasipalayam, Bengaluru, Karnataka 560002, India	ChIJ7xoituAVrjsRS6NQW2db1fE	23	1
FALSE		ms-ramaiah	M S Ramaiah Nagar	M S Ramaiah Nagar, Mathikere, Bengaluru, Karnataka, India	ChIJV6PGgt4XrjsR6sY3qawCzdQ	22	1
FALSE		mukund-nagar	Mukund Nagar	Mukund Nagar, Pune, Maharashtra 411037, India	ChIJW2XAJhjAwjsRN2MqvxRMREE	22	1
FALSE		mulund-east	Mulund East	Mulund East, Mumbai, Maharashtra 400081, India	ChIJLzI5uu245zsRr6tESGMs2oA	22	1
FALSE		mulund-west	Mulund West	Mulund West, Mumbai, Maharashtra 400080, India	ChIJA4D_CvK45zsRWTZrGK5NKhY	22	1
FALSE		mumbai	Mumbai	Mumbai, Maharashtra, India	ChIJwe1EZjDG5zsRaYxkjY_tpF0	21	1
FALSE		mumbai-central	Mumbai Central	Mumbai Central, Mumbai, Maharashtra 400008, India	ChIJN3GxoW7O5zsR4_XLO7GOGf4	22	1
TRUE		mumbra	Mumbra	Mumbra, Mumbra, Thane, Maharashtra 400612, India	ChIJufcNhR6_5zsRJF0KANr1k0s	22	1
FALSE		mundhawa	Mundhwa	Mundhwa, Pune, Maharashtra, India	ChIJdWKoH4HBwjsRkQCgaKNbpzU	22	1
FALSE		munnekolala	Munnekolala Lake Trail	Munnekolala Lake Trail, Spice Garden Layout, Lakshminarayana Pura, Chennappa Layout, Marathahalli, Bengaluru, Karnataka 560037, India	ChIJSaQNLDASrjsRUkuXJuQZFbs	23	1
FALSE		murbad	Murbad	Murbad, Maharashtra 421401, India	ChIJQY5Ae-yL5zsRRhyfEABbgBg	21	1
TRUE		murugeshpalya	Murugeshpalya	Murugeshpalya, Bengaluru, Karnataka 560017, India	ChIJob07tPATrjsR4A1c7cr43QE	22	1
FALSE		mysore-road	Mysore Road	Mysore Rd, Bengaluru, India	ChIJ76Jf_7hHrjsR3-NWpBBgH_U	23	1
FALSE		mythri-enclave	Mythri Enclave	Mythri Enclave, Ittamadu, Banashankari 3rd Stage, Banashankari, Bengaluru, Karnataka 560085, India	ChIJAzvBmDM-rjsRIgmInbd3RA0	23	1
FALSE		nagarabhavi	Nagarbhavi	Nagarbhavi, Bengaluru, Karnataka 560072, India	ChIJ60v1yDA8rjsRUmUsQ_LIPcg	22	1
TRUE		nagasandra	Nagasandra	Nagasandra, Bengaluru, Karnataka, India	ChIJdaAEsMk8rjsRuezw__LxILI	22	1
TRUE		nagavara	Nagavara	Nagavara, Bengaluru, Karnataka, India	ChIJmR-fxYIXrjsRFhJPTFeJbVM	22	1
TRUE		nagpada	Nagpada	Nagpada, Madanpura, Mumbai, Maharashtra 400008, India	ChIJi6S3mD_O5zsRiqiuu7hK4Ds	22	1
TRUE		nahur	Nahur	Nahur, Harishchandra Dadu Koparkar Marg, Bhandup Industrial Area, Industrial Area, Bhandup West, Mumbai, Maharashtra 400078, India	ChIJgZIX-Im45zsRyUkd0zFAbMY	23	1
FALSE		naigaon-east	Naigaon East	Naigaon East, Sarjamori, Maharashtra 401208, India	ChIJe3iFTKOv5zsRysuwI2yzu14	22	1
FALSE		naigaon-west	Naigaon West	Naigaon West, Naigaon, Maharashtra, India	ChIJw4hBnGau5zsRvjsdT-7kH5s	22	1
FALSE		nalasopara-east	Nalasopara East	Nalasopara East, Nala Sopara, Maharashtra 401209, India	ChIJLY3Fnx-p5zsROtEWtVOSV90	22	1
FALSE		nalasopara-west	Nalasopara West	Nalasopara West, Nala Sopara, Maharashtra 401203, India	ChIJ66OWnx-p5zsR-fnI3pyTnZE	22	1
FALSE		nana-peth	New Nana Peth	New Nana Peth, Ganesh Peth, Pune, Maharashtra, India	ChIJ5fYO9EHAwjsRKMGjYGWewAk	22	1
FALSE		nandi-hill	Nandhi Hills Road	Nandhi Hills Rd, Karnataka, India	ChIJAatfZvzisTsRdF1Ix-4Dwdk	23	1
FALSE		nandi-hill	Nandi Hills Main Road	Nandi Hills Main Rd, Nandi Hills, Karnataka 562103, India	ChIJhWfjCTvksTsRaiOp6ehfWIU	23	1
FALSE		nandi-hill	Nandi Hills	Nandi Hills, Karnataka	ChIJ9RPGKjjksTsR5it95MIAiDg	23	1
FALSE		nandi-hill	Nandi Hills Road	Nandi Hills Rd, Nandi Hills, Karnataka 562103, India	ChIJCfSXnLPlsTsRN6zQJKXxr5s	23	1
FALSE		nandini-layout	Nandini Layout	Nandini Layout, Bengaluru, Karnataka 560096, India	ChIJBbpUnws9rjsRu-v9XfyFTNg	22	1
FALSE		narayan-peth	Narayan Peth	Narayan Peth, Pune, Maharashtra, India	ChIJ44ZAwnDAwjsR4ClYd6oLJ_U	22	1
FALSE		nariman-point	Nariman Point	Nariman Point, Mumbai, Maharashtra 400021, India	ChIJ_5zuW-nR5zsRiEnty5VNfDQ	22	1
FALSE		naupada	Naupada	Naupada, Andhra Pradesh, India	ChIJyy_dqdisPToRttT2o7x93Ts	21	1
FALSE		navi-peth	Navi Peth	Navi Peth, Sadashiv Peth, Pune, Maharashtra 411030, India	ChIJIX7_DYq_wjsRqSM0lIlTVDU	22	1
TRUE		neelasandra	Neelasandra	Neelasandra, Bengaluru, Karnataka, India	ChIJK9BhdzEUrjsRw4qsUL0sHsQ	22	1
FALSE		nelamangala	Nelamangala	Nelamangala, Karnataka, India	ChIJY8pZfYQlrjsRkzL3bbIj7vc	21	1
TRUE		nerul	Nerul	Nerul, Navi Mumbai, Maharashtra, India	ChIJEXVtDsDD5zsR7CgDlh93xK8	22	1
FALSE		nerul	Nerul	Nerul, Goa, India	ChIJ_w7YEqzBvzsRUfLqvtZQ8IE	21	1
FALSE		netra-tech-park	Netra Tech Park	Netra Tech Park, Phase 2, Brookefield, Bengaluru, Karnataka 560066, India	ChIJs-51n4oRrjsRq_RgU6ckaMI	23	1
FALSE		new-panvel	New Panvel East	New Panvel East, Panvel, Navi Mumbai, Maharashtra 410206, India	ChIJW4_TWlvo5zsRe_FO74IYPvI	22	1
FALSE		new-panvel	New Panvel	New Panvel, Kamothe, Panvel, Navi Mumbai, Maharashtra 410206, India	ChIJk185ddbp5zsRIed5qjOaJRc	22	1
FALSE		new-shivani-paradise-pg	New Shivani Paradise Gents PG, Green Heights	New Shivani Paradise Gents PG, Green Heights, 5th Cross Rd, Green Garden Layout, Silver Springs Layout, Munnekollal, Bengaluru, Karnataka 560066, India	ChIJU0Xf2DgSrjsR0IWLVq7aKwI	23	1
TRUE		nigdi	Nigdi	Nigdi, Pimpri-Chinchwad, Maharashtra 411044, India	ChIJu_nybOe5wjsRyMa8IdGmwlE	22	1
FALSE		nr-layout	N R Layout	N R Layout, Murugeshpalya, Bengaluru, Karnataka 560017, India	ChIJra5LtAkUrjsRD922nrgpEJ0	22	1
FALSE		oasis-condominiums	Oasis Condominiums	Oasis Condominiums, S R Layout, Rustam Bagh Layout, Bengaluru, Karnataka 560017, India	ChIJz3YeCgkUrjsRlyruivvZ_vE	23	1
FALSE		obamma-lane	Obamma Lane	Obamma Ln, Ammanamma Layout, Bengaluru, Karnataka 560017, India	ChIJJxFanwkUrjsRX1C4rYpmYJ4	23	1
FALSE		old-airport-road	HAL Airport Road	HAL Airport Rd, Bengaluru, Karnataka, India	ChIJWSNe6AUUrjsRm7sKvvLJWyU	23	1
FALSE		old-madras-road	Swamy Vivekananda Road	Swamy Vivekananda Rd, Bengaluru, Karnataka, India	ChIJs2Gv8rAWrjsRIGYoi2NY1Lc	23	1
FALSE		ombr-layout	OMBR Layout	OMBR Layout, Banswadi, Bengaluru, Karnataka 560043, India	ChIJNUuzgi0RrjsRR6IN0WErfLY	22	1
FALSE		opera-house	Opera House	Opera House, Girgaon, Mumbai, Maharashtra 400004, India	ChIJuSaaMg7O5zsRGZ9dDh4GjaA	22	1
FALSE		padmanabha-nagar	Padmanabhanagar	Padmanabhanagar, Bengaluru, Karnataka 560070, India	ChIJQXsqcdM_rjsR-6ZlijFCwwc	22	1
TRUE		padmavati	Padmavati	Padmavati, Pune, Maharashtra, India	ChIJraKwtB_AwjsRUaCJ0--T-uY	22	1
FALSE		pai-layout	Pai Layout	Pai Layout, Hulimavu, Bengaluru, Karnataka 560076, India	ChIJMZ0SlC0VrjsRhJqpAudo1wI	22	1
FALSE		pali	Pali	Pali, Maharashtra, India	ChIJZwjuflCu5zsRKsa0h9bdhfE	21	1
FALSE		pali-hill	Pali Hill	Pali Hill, Mumbai, Maharashtra 400050, India	ChIJTYtr7GzJ5zsRm2kKJREU7_I	22	1
FALSE		palm-beach-road	Palm Beach Road	Palm Beach Rd, Navi Mumbai, India	ChIJtaRNpsHD5zsRwwEW049qPKg	23	1
TRUE		panathur	Panathur	Panathur, Bengaluru, Karnataka, India	ChIJWfLn1FMSrjsRxDle2oyW4Jc	22	1
FALSE		panch-pakhadi	Panch Pakhdi	Panch Pakhdi, Thane West, Thane, Maharashtra, India	ChIJRSwvABm55zsRjMWjuGph67M	22	1
FALSE		panduranga-nagar	Panduranga Nagar	Panduranga Nagar, Bengaluru, Karnataka, India	ChIJQwuC1CQVrjsRruORPxmJRkc	22	1
TRUE		panvel	Panvel	Panvel, Navi Mumbai, Maharashtra, India	ChIJPfIjHz7o5zsRCv3jMcQGoeM	22	1
TRUE		parel	Parel	Parel, Mumbai, Maharashtra, India	ChIJhzkU__rO5zsR0Hg-23JypRE	22	1
TRUE		parvati	Parvati	Parvati, Vighnaharta Nagar, Katraj, Pune, Maharashtra 411046, India	ChIJa1uva-fqwjsRmKjDjgedmzA	23	1
TRUE		pashan	Pashan	Pashan, Pune, Maharashtra, India	ChIJbeR5i-O-wjsRftl3PRq_pYM	22	1
TRUE		patlipada	Patlipada	Patlipada, Thane West, Thane, Maharashtra 400607, India	ChIJRy_GjP275zsRY3Wm5bfT1f8	22	1
FALSE		paud-road	Paud Road	Paud Rd, Pune, India	ChIJ7c9Whrm_wjsRwHYfjzcUlpI	23	1
FALSE		pavani-oakridge	Pavani Paradise	Pavani Paradise, Sai Baba Temple Rd, Green Garden Layout, Silver Springs Layout, Munnekollal, Bengaluru, Karnataka 560037, India	ChIJHTiawjgSrjsRBR4IfPr5Sr0	23	1
FALSE		pavani-paradise	Pavani Paradise	Pavani Paradise, Sai Baba Temple Rd, Green Garden Layout, Silver Springs Layout, Munnekollal, Bengaluru, Karnataka 560037, India	ChIJefePwjgSrjsReZY83ljvHUc	23	1
FALSE		peddar-road	Peddar Road	Peddar Rd, Cumballa Hill, Mumbai, Maharashtra 400026, India	ChIJxyrpNnTO5zsRZyMHK4mJ3HU	23	1
TRUE		peenya	Peenya	Peenya, Bengaluru, Karnataka, India	ChIJRzY70xY9rjsR3tdmv15q7os	22	1
FALSE		phoenix-enclave	Phoenix Enclave	Phoenix Enclave, 3rd Main Rd, Konena Agrahara, Murugeshpalya, Bengaluru, Karnataka 560017, India	ChIJW5V6wPATrjsRJE1Znpr3Ljw	23	1
FALSE		phoenix-tower	Phoenix Towers	Phoenix Towers, Museum Rd, Shanthala Nagar, Ashok Nagar, Bengaluru, Karnataka 560025, India	ChIJFafK9H4WrjsRLGZB7rDIlZ0	23	1
FALSE		phursungi	Fursungi	Fursungi, Maharashtra, India	ChIJZ5spRMrpwjsRTerWEjApbds	21	1
FALSE		pict-campus	PICT College Bus Stop	PICT College Bus Stop, Medical College Rd, Shriram Nagar, Dhankawadi, Pune, Maharashtra 411043, India	ChIJ13oi-MjqwjsR8DNm9oPVHn0	23	1
FALSE		pimpri-chinchwad	Pimpri-Chinchwad	Pimpri-Chinchwad, Maharashtra, India	ChIJs-q9fze4wjsR-KCnsdplQiw	21	2
FALSE		pimpri-chinchwad	Chinchwad	Chinchwad, Pimpri-Chinchwad, Maharashtra, India	ChIJodHDU6W5wjsRiJHgMXaUnps	22	2
FALSE		pimpri-chinchwad	Pimpri	Pimpri, Pimpri-Chinchwad, Maharashtra 411017, India	ChIJofkgZWe4wjsRqccbUmmVrl4	22	1
FALSE		pinewood-golf-links	Pinewoods Golf Links	Pinewoods Golf Links, Ammanamma Layout, Murugeshpalya, Bengaluru, Karnataka 560017, India	ChIJA2ZvxwkUrjsR8OlDcsSNnEc	23	1
FALSE		poona-college-campus	College Road	College Rd, Vadgaon Budruk, Pune, Maharashtra 411041, India	ChIJyY88uk-VwjsRjdMIDW2KMC0	23	1
FALSE		poonam-nagar	Poonam Nagar	Poonam Nagar, Jogeshwari East, Mumbai, Maharashtra 400093, India	ChIJ4S_Cwdu35zsRYCMoMkSdYQM	22	1
TRUE		powai	Powai	Powai, Mumbai, Maharashtra, India	ChIJQ3sdHAjI5zsRZuOLS8UA8bo	22	1
TRUE		prabhadevi	Prabhadevi	Prabhadevi, Mumbai, Maharashtra 400025, India	ChIJca7aLrrO5zsRzyW0LfAzQAk	22	1
FALSE		prabhat-road	Prabhat Road	Prabhat Rd, Pune, Maharashtra 411004, India	ChIJfSMnOo-_wjsRYiMLXM1ySfM	23	1
FALSE		prashanth-nagar	Prashanth Nagar	Prashanth Nagar, T. Dasarahalli, Bengaluru, Karnataka 560057, India	ChIJM9l62Ck9rjsRPt6r9s-5ITw	22	1
FALSE		prestige-tech-park-i	Prestige Tech Park	Prestige Tech Park, Kodbisanhalli, Bengaluru, Karnataka 560103, India	ChIJMxln3rMTrjsRwV5_ac4DA1k	23	2
FALSE		prestige-tech-park-i	Prestige Tech Park Road	Prestige Tech Park Rd, Kadubeesanahalli, Bengaluru, Karnataka 560103, India	ChIJ85d7XLATrjsROVMRY1HG_lY	23	2
FALSE		prestige-tech-park-i	Prestige Tech Park Internal Road	Prestige Tech Park Internal Rd, Kodbisanhalli, Bengaluru, Karnataka 560103, India	ChIJ3YwH87ATrjsRz0fDSdiUXGQ	23	2
FALSE		prestige-tech-park-i	Mercury	Mercury, Kodbisanhalli, Bengaluru, Karnataka 560103, India	ChIJf_AqYrETrjsRVESSp-v89ng	23	2
FALSE		prestige-tech-park-ii	Prestige Tech Park	Prestige Tech Park, Kodbisanhalli, Bengaluru, Karnataka 560103, India	ChIJMxln3rMTrjsRwV5_ac4DA1k	23	2
FALSE		prestige-tech-park-ii	Prestige Tech Park Road	Prestige Tech Park Rd, Kadubeesanahalli, Bengaluru, Karnataka 560103, India	ChIJ85d7XLATrjsROVMRY1HG_lY	23	2
FALSE		prestige-tech-park-ii	Prestige Tech Park Internal Road	Prestige Tech Park Internal Rd, Kodbisanhalli, Bengaluru, Karnataka 560103, India	ChIJ3YwH87ATrjsRz0fDSdiUXGQ	23	2
FALSE		prestige-tech-park-ii	Mercury	Mercury, Kodbisanhalli, Bengaluru, Karnataka 560103, India	ChIJf_AqYrETrjsRVESSp-v89ng	23	2
FALSE		primax-park	Primax Park Apartments	Primax Park Apartments, N R Layout, Murugeshpalya, Bengaluru, Karnataka 560017, India	ChIJuQEqUwgUrjsRJ5tjT3q5xg4	23	1
FALSE		pune	Pune	Pune, Maharashtra 411001, India	ChIJARFGZy6_wjsRQ-Oenb9DjYI	21	1
FALSE		pune-railway-station	Pune Railway Station	Pune Railway Station, Agarkar Nagar, Pune, Maharashtra 411001	ChIJp6qQqlnAwjsRJs3QCiHk-YU	23	1
FALSE		ra-podar-college	R.A.Podar College Of Commerce & Economics	R.A.Podar College Of Commerce & Economics, Matunga, Mumbai, Maharashtra 400019, India	ChIJKdUpH9jO5zsRZPbAPL-BjPg	23	1
FALSE		raey-road	Reay Road	Reay Rd, Railway Colony, Byculla, Mumbai, Maharashtra 400010, India	ChIJgzEPZEnO5zsRMhTEGF2EZHU	23	1
FALSE		ragavendra-nagar	Ragavendra Nagar	Ragavendra Nagar, Bengaluru, Karnataka, India	ChIJCaHVFYs8rjsR7kGJH6hn5rg	22	1
FALSE		raj-residency	Raj Residency	Raj Residency, 18, 9th Cross Rd, Padmanabhanagar, Bengaluru, Karnataka 560070, India	ChIJK_PfS9M_rjsRjeCoWfg3PRM	23	1
FALSE		raja-rajeshwari-nagar	RR Nagar	RR Nagar, Bengaluru, Karnataka 560098, India	ChIJz5ILsP8-rjsR5pwHymp-1i0	22	1
FALSE		rajaji-nagar	Rajaji Nagar	Rajaji Nagar, Bengaluru, Karnataka 560274, India	ChIJxfW4DPM9rjsRKsNTG-5p_QQ	22	1
FALSE		ramaiah-residency	Ramaiah Residency	Ramaiah Residency, 21/1, 3rd Cross, S R Layout, Murugeshpalya,, 4th Cross Rd, S R Layout, Rustam Bagh Layout, Bengaluru, Karnataka 560017, India	ChIJEe2DGgkUrjsRXfDzt1u7e-4	23	1
FALSE		ramamurthy-nagar	Ramamurthy Nagar	Ramamurthy Nagar, Bengaluru, Karnataka 560016, India	ChIJNaJG1iERrjsRT4qAaFTsDr8	22	1
FALSE		ramohalli	Ramohalli	Ramohalli, Karnataka, India	ChIJyRYJTlY4rjsRmupSS9D-8uA	21	1
FALSE		rasta-peth	Rasta Peth	Rasta Peth, Pune, Maharashtra, India	ChIJL44sikLAwjsRgT-NZXyHLjU	22	1
FALSE		rathna-nest	Rathna Nest Apartments	Rathna Nest Apartments, S R Layout, Murugeshpalya, Bengaluru, Karnataka 560017, India	ChIJxTCLowkUrjsRJHqougXcgJg	23	1
FALSE		rathna-paradise	Rathna House	Rathna House, 9th Main Road, Siddanna Layout, Banashankari Stage II, Banashankari, Bengaluru, Karnataka 560070, India	ChIJaZGMCoQVrjsRFCy_iyNEL6Y	23	1
FALSE		rathna-villa	Ratna Villas Road	Ratna Villas Rd, Basavanagudi, Bengaluru, Karnataka 560004, India	ChIJwzMyGZIVrjsR4MYFMlGSihk	23	1
FALSE		ravoos-daisy	Ravoos Daisy	Ravoos Daisy, Manjunatha Layout, Thubarahalli, Munnekollal, Bengaluru, Karnataka 560066, India	ChIJfwdY0EYSrjsRR0bBBAJZXfU	23	1
FALSE		ravoos-pansy	Ravoos Pansy	Ravoos Pansy, Manjunatha Layout, Thubarahalli, Munnekollal, Bengaluru, Karnataka 560066, India	ChIJxQDQ0kYSrjsRoJMrwssu_oA	23	1
FALSE		residency-road	Residency Road	Residency Rd, Bengaluru, Karnataka, India	ChIJO-71g9cVrjsRJN8pcP495WI	23	1
FALSE		richards-town	Richards Town	Richards Town, Bengaluru, Karnataka, India	ChIJn9NvifoWrjsRtI4hs3GnUxc	22	1
FALSE		richmond-road	Richmond Road	Richmond Rd, Bengaluru, Karnataka, India	ChIJSwyLbdUVrjsRvBZwu4EixKo	23	1
FALSE		richmond-town	Richmond	Richmond, VA, USA	ChIJ7cmZVwkRsYkRxTxC4m0-2L8	21	1
FALSE		richmond-town	Richmond	Richmond, CA, USA	ChIJKYxc8eBlhYAR9L8V2jMWELM	21	1
FALSE		richmond-town	Richmond	Richmond, KY, USA	ChIJf6bWWJP9QogReSSjwEe4tsg	21	1
FALSE		richmond-town	Richmond	Richmond, TX, USA	ChIJxfpPhOEdQYYRLvTHVyYtejs	21	1
FALSE		richmond-town	Richmond	Richmond, RI, USA	ChIJcRnsPmPG5YkRk92qseMvsUE	21	1
FALSE		richmond-town	Richmond	Richmond, MO 64085, USA	ChIJH7Psi7-dwYcRujWEwD64a90	21	1
FALSE		rifco-aruna-apartment	Rifco Aruna Apartments	Rifco Aruna Apartments, 5th Cross Rd, Konena Agrahara, Murugeshpalya, Bengaluru, Karnataka 560017, India	ChIJi-p6LfcTrjsRifXBa9qkbCM	23	1
FALSE		rk-hegde-nagar	R.K. Hegde Nagar	R.K. Hegde Nagar, Bengaluru, Karnataka, India	ChIJLZHw0NwZrjsRbWJq6IZ2A-k	22	2
FALSE		rkr-villa	RKR Villas	RKR Villas, 5th Cross, Konena Agrahara, Konen Agrahara, Bengaluru, Karnataka 560017, India	ChIJcQL2tfATrjsR7Ed4pT6YtTI	23	1
FALSE		rmv-2nd-stage	RMV Extension Stage 2	RMV Extension Stage 2, Bengaluru, Karnataka, India	ChIJr32gEO8XrjsR-LmE84VCrIo	22	1
FALSE		rmv-2nd-stage	RMV 2nd Stage	RMV 2nd Stage, Ashwath Nagar, Armane Nagar, Bengaluru, Karnataka 560094, India	ChIJ-9JEUM8XrjsRqCyyuUABOfA	22	1
FALSE		rmv-2nd-stage	RMV 2nd Stage	RMV 2nd Stage, Banday Colony, Bengaluru, Karnataka 560094, India	ChIJmYe9lcQXrjsR4Qi6hqT1tUE	23	1
FALSE		rmz-ecospace	RMZ Ecospace Internal Road	RMZ Ecospace Internal Rd, Adarsh Palm Retreat Villas, Bellandur, Bengaluru, Karnataka 560103, India	ChIJn97mCQoTrjsR5w-Kd5gr1Oo	23	1
TRUE		roadpali	Roadpali	Roadpali, Kalamboli, Panvel, Navi Mumbai, Maharashtra, India	ChIJ10tY1trp5zsRgWOe2ql1mvI	22	1
FALSE		roha	Roha	Roha, Maharashtra 402109, India	ChIJ-aJCQF0V6DsRk7CBH672m_s	21	1
FALSE		rs-villa	Vila Stanković	Vila Stanković, Put za Dunav, Čortanovci, Serbia	ChIJK4HygvQCW0cRUik-j6LfTow	23	1
FALSE		rt-nagar	RT Nagar	RT Nagar, Bengaluru, Karnataka 560032, India	ChIJ2UChwroXrjsRRuO3_8_k5x8	22	1
FALSE		ruby-nest	Ruby Nest	Ruby Nest, SR Layout Main Road, S R Layout, Murugeshpalya, Bengaluru, Karnataka 560017, India	ChIJTY-kqAkUrjsRgPLYds5bgOw	23	1
FALSE		s-p-college	Late Narayanrao Kondiba Jagtap Path	Late Narayanrao Kondiba Jagtap Path, Pune, Maharashtra, India	ChIJp9lP6eK_wjsRYxgxKaKXSNc	23	1
FALSE		s-v-road	Swami Vivekanand Road	Swami Vivekanand Road, Mumbai, India	ChIJAQ_82gfJ5zsRe6BfNTEClxw	23	1
FALSE		sadashiv-peth	Sadashiv Peth	Sadashiv Peth, Pune, Maharashtra 411002, India	ChIJu_fXknPAwjsRgVCzSUCc-tw	22	1
FALSE		sadasivanagar	Sadashiva Nagar	Sadashiva Nagar, Armane Nagar, Bengaluru, Karnataka, India	ChIJiZ7ZfTMWrjsRmHMiIdoLmmw	22	1
TRUE		sadduguntepalya	Sadduguntepalya	Sadduguntepalya, Bengaluru, Karnataka, India	ChIJWdbtHlMUrjsRggZh-zSF3jw	22	1
FALSE		sahakar-nagar	Sahakar Nagar	Sahakar Nagar, Parvati Paytha, Pune, Maharashtra 411009, India	ChIJG-FfuQLAwjsR05nITzCCavU	22	1
FALSE		sahakar-nagar	Sahakar Nagar	Sahakar Nagar, Parvati Paytha, Pune, Maharashtra, India	ChIJoQbO6arqwjsRqvM1cWFWbjk	22	1
FALSE		sahakar-nagar	Sahakar Nagar	Sahakar Nagar, Rajyavahatuk society, Parvati Paytha, Pune, Maharashtra 411009, India	ChIJ_5zVBgTAwjsR1ZlSL1AfMQc	22	1
FALSE		sahakara-nagar	Sahakara Nagar	Sahakara Nagar, Bengaluru, Karnataka 560092, India	ChIJtaiGVyEYrjsRI73rzVluWl0	22	1
FALSE		sai-apartments	Sai Apartments	Sai Apartments, Konena Agrahara, Murugeshpalya, Bengaluru, Karnataka 560017, India	ChIJaRwn1_ATrjsRaR1yXH3swvI	23	1
FALSE		sai-residency	Sai Residency	Sai Residency, Hoodi Main Rd, Ayyappa Nagar, Krishnarajapuram, Bengaluru, Karnataka 560036, India	ChIJRRKJcLsRrjsRv026zeca6QQ	23	1
FALSE		sai-siri-nilayam	Sai Siri Nilayam	Sai Siri Nilayam, 60/2, Sai Baba Temple Rd, Shirdi Sai Nagar, Munnekollal, Bengaluru, Karnataka 560066, India	ChIJuU-uIEcSrjsRfLv-ptIQIVw	23	1
TRUE		sakinaka	Sakinaka	Sakinaka, Mumbai, Maharashtra, India	ChIJUfCyPHfI5zsRNGsjRMlqV0A	22	1
FALSE		salarpuria-infinity	Salarpuria Infinity	Salarpuria Infinity, 5, Bhavani Nagar, Sadduguntepalya, Bengaluru, Karnataka 560029, India	ChIJD7IZdK4VrjsR7D3xtYTSUz0	23	1
FALSE		sameeksha-sadan	Sameeksha Sadan	Sameeksha Sadan, 3rd Cross, Sai Baba Temple Rd, Green Garden Layout, Silver Springs Layout, Munnekollal, Bengaluru, Karnataka 560066, India	ChIJDb1GHjkSrjsRbyzrhyptAy4	23	1
FALSE		samhita-amrit	Samhita Greenwoods	Samhita Greenwoods, Thubarahalli, Whitefield, Bengaluru, Karnataka 560066, India	ChIJRZp7jkASrjsRQpNWhfQ5mqs	23	1
FALSE		sanghavi	Sanghavi	Sanghavi, महाराष्ट्र 412106, India	ChIJWx2B-POtwjsRDhYPPgDFJNE	21	1
FALSE		sanjay-nagar	Sanjaynagar	Sanjaynagar, Bengaluru, Karnataka, India	ChIJ85O6tekXrjsR13jdBn4Ge-c	22	1
FALSE		sanjay-sunshine	Sunshine	Sunshine, Kammanahalli Main Rd, HRBR Layout 3rd Block, HRBR Layout, Kalyan Nagar, Bengaluru, Karnataka 560043, India	ChIJg3G3myQXrjsROFih2_2mBik	23	1
TRUE		sanpada	Sanpada	Sanpada, Navi Mumbai, Maharashtra 400705, India	ChIJKe_RV1DB5zsRABa5LxIlIXU	22	1
FALSE		santacruz-east	Santacruz East	Santacruz East, Mumbai, Maharashtra, India	ChIJc-jG3__I5zsRrpYJ6masoFg	22	1
FALSE		santacruz-west	Santacruz West	Santacruz West, Mumbai, Maharashtra, India	ChIJYx4vcqfJ5zsRyheminJdJrE	22	1
FALSE		saptagiri-homes	Sapthagiri	Sapthagiri, 7th Cross, 7th A Main Rd, Hampi Nagar, RPC Layout, Vijayanagar, Bengaluru, Karnataka 560104, India	ChIJGZzBJQs-rjsRQpExDqIwQQU	23	1
FALSE		saranya-enclave	Sharanya	Sharanya, Bayarappa Layout, Suddaguntapalya, C V Raman Nagar, Bengaluru, Karnataka 560093, India	ChIJy3vso00RrjsRGDon-Dvhhyg	23	1
FALSE		saranya-springs	Saranya Springs	Saranya Springs, Manjunatha Layout, Thubarahalli, Munnekollal, Bengaluru, Karnataka 560037, India	ChIJZf40PkcSrjsR_yj_ccdgfDo	23	1
TRUE		sarjapur	Sarjapur	Sarjapur, Bengaluru, Karnataka 562125, India	ChIJfyvmH-FyrjsRD0NBLLRY-5A	22	1
FALSE		sarjapur-attibele-road	Sarjapura - Attibele Road	Sarjapura - Attibele Rd, Sarjapur, Karnataka 562125, India	ChIJ-THPHudyrjsR-KEBC1rhILk	23	1
FALSE		sarjapur-orr	ORR	ORR, HSR Layout, Bengaluru, Karnataka 560034, India	ChIJfWvD7I4UrjsRvvMGiPlYwPY	23	1
FALSE		sarjapur-road	Sarjapur Road	Sarjapur Rd, Byraveshwara Industrial Estate, Bengaluru, Karnataka 560091, India	ChIJZTnk1Vg8rjsR9ThANUZK1Bw	23	1
FALSE		saroj-gokulam	Saroj Gokulam	Saroj Gokulam, Silver Springs Layout, Munnekollal, Bengaluru, Karnataka 560066, India	ChIJbSgvXUcSrjsRyb45FwjKD2s	23	1
FALSE		saroj-habitat	Saroj Habitat	Saroj Habitat, 56/2, Sai Baba Temple Rd, Manjunatha Layout, Thubarahalli, Munnekollal, Bengaluru, Karnataka 560037, India	ChIJV187JEcSrjsRY7xalo6Soxs	23	1
FALSE		sarovar-apartments	Sarovar Apartments	Sarovar Apartments, 8A Main,2nd Cross, LBS Nagar, Kaggadasapura, Bengaluru, Karnataka 560017, India	ChIJy7SxbeATrjsRh63-C_uomxE	23	1
FALSE		sathaye-college	Sathaye College	Sathaye College, Gujarati Society, Vile Parle East, Vile Parle, Mumbai, Maharashtra 400047	ChIJY7fXQ7PJ5zsR0XVy0MWG164	23	1
TRUE		seawoods	Seawoods	Seawoods, Navi Mumbai, Maharashtra 400706, India	ChIJA90z7JjD5zsRI9pvYwU2jIA	22	1
FALSE		senapati-bapat-marg	Senapati Bapat Road	Senapati Bapat Rd, Pune, Maharashtra, India	ChIJMVPhf3e_wjsRO2aSq5dHdP0	23	1
FALSE		seshadripuram	Seshadripuram	Seshadripuram, Andhra Pradesh 532168, India	ChIJafO8kvhtPDoRWCdL-J20Qs4	21	1
TRUE		seshadripuram	Seshadripuram	Seshadripuram, Velachery, Chennai, Tamil Nadu 600042, India	ChIJs3aasIJdUjoRVIqgLNGUbp8	22	1
TRUE		sewri	Sewri	Sewri, Mumbai, Maharashtra, India	ChIJaeYaAgDP5zsRm54RuMitRl0	22	1
FALSE		shaniwar-peth	Shaniwar Peth	Shaniwar Peth, Pune, Maharashtra 411030, India	ChIJne5yV3rAwjsRNa_d6ki2iVE	22	1
FALSE		shanthi-nagar	Shanthi Pura	Shanthi Pura, Electronic City Phase II, Electronic City, Bengaluru, Karnataka, India	ChIJ95iK3u1srjsR4KSp4-zZAMU	22	1
FALSE		shastri-road	Lal Bahadur Shastri Road	Lal Bahadur Shastri Rd, Pune, Maharashtra 411030, India	ChIJlTNGInXAwjsRrTHL2iT3qkc	23	1
FALSE		shesha-shyla	Shesha Shyla	Shesha Shyla, 1st Cross Rd, Vinayak Nagar, Konena Agrahara, Murugeshpalya, Bengaluru, Karnataka 560017, India	ChIJOQRbK_cTrjsRxnwBViej7ww	23	1
TRUE		shilphata	Shilphata	Shilphata, Navi Mumbai, Maharashtra, India	ChIJUUJt-X7A5zsR_tB3v748ek0	22	1
FALSE		shiva-darshan-apartment	Janapriya Sai Darshan Apartments	Janapriya Sai Darshan Apartments, SH 35, Vastu Bhoomi, Krishnarajapuram, Bengaluru, Karnataka 560067, India	ChIJ20RxfTQOrjsRKGiOwVEZyOU	23	1
FALSE		shiva-enclave	Shiva Enclave	Shiva Enclave, 1st Main Rd, Vinayak Nagar, Vinayaka Nagar, Murugeshpalya, Bengaluru, Karnataka 560017, India	ChIJCYooPfETrjsRTaDyAKqMA3U	23	1
FALSE		shivaji-nagar	Shivaji Nagar	Shivaji Nagar, Bengaluru, Karnataka, India	ChIJew2g0GMWrjsRpH4gRbkDGEI	22	1
FALSE		shivaji-nagar	Shivaji Nagar	Shivaji Nagar, Bharati Nagar, Shivaji Nagar, Bengaluru, Karnataka, India	ChIJS6OaQooWrjsRv3RYtGsJ7fA	22	1
FALSE		shivaji-nagar	Shivaji Nagar	Shivaji Nagar, Basavanna Nagar, Whitefield, Bengaluru, Karnataka, India	ChIJE_Q5EY0RrjsR6bkleAiav30	23	1
FALSE		shivaji-nagar-pune	Shivajinagar	Shivajinagar, Pune, Maharashtra 411005, India	ChIJd1F4HXnAwjsRyD10yoFq2CA	22	1
FALSE		shivaji-park	Shivaji Park	Shivaji Park, Mumbai, Maharashtra, India	ChIJZW2pbM7O5zsRh0qFytryWQg	22	1
FALSE		shivaji-road	Shivaji Road	Shivaji Rd, Pune, Maharashtra, India	ChIJF70G5WzAwjsRKjdJj7GVmvQ	23	1
FALSE		shivani-pg	Shivani Boys PG	Shivani Boys PG, 15th Cross Rd, Silver Springs Layout, Munnekollal, Bengaluru, Karnataka 560037, India	ChIJR59XqTgSrjsRDd8ZL6rImO0	23	1
TRUE		shreekuteera	Shreekuteera	Shreekuteera, 5th Cross Rd, Green Garden Layout, Silver Springs Layout, Munnekollal, Bengaluru, Karnataka 560066, India	ChIJtbbu2zgSrjsRLXuqPzkeizU	23	1
FALSE		sidedahalli	Sidedahalli	Sidedahalli, Karnataka 560073, India	ChIJ3boV0UcjrjsRjTw9hYbC5fc	21	1
FALSE		sigma-tech-park	sigma tech park	sigma tech park, Sathya Sai Layout, Whitefield, Bengaluru, Karnataka 560066, India	ChIJDQo4uv4NrjsRIhC6L2CPaug	23	1
FALSE		silk-board	Silk Board Flyover	Silk Board Flyover, Madiwala, Stage 1, Bommanahalli, Bengaluru, Karnataka, India	ChIJ5R761PYUrjsR8t_NkB4ROjs	23	1
TRUE		singasandra	Singasandra	Singasandra, Bengaluru, Karnataka 560068, India	ChIJrwYt0KwUrjsRrxeLBRxtH8E	22	1
FALSE		sinhagad-road	Sinhagad Road	Sinhagad Rd, Pune, Maharashtra, India	ChIJE76UJnOVwjsRer4c6k1zf3c	23	1
FALSE		sinhgad-vadgaon-ambegaon-campus	Vadgaon Budruk Chakhadwadi	Vadgaon Budruk Chakhadwadi, Kirti Nagar, Vadgaon Budruk, Pune, Maharashtra 411041	ChIJ5yRmdEOVwjsRpZOXqfD2SVM	23	1
FALSE		sion-east	Sion East	Sion East, Sion, Mumbai, Maharashtra, India	ChIJH0-fLbLI5zsRqPN1mtmWPog	22	1
FALSE		sion-west	Sion West	Sion West, Sion, Mumbai, Maharashtra, India	ChIJ38-2mM7I5zsR_M7ID2a5clk	22	1
FALSE		sir-jj-road	Sir JJ Road	Sir JJ Rd, Mumbai, Maharashtra, India	ChIJbXBVIkHO5zsRPnA2wBgIprI	23	1
FALSE		smv-layout	SMV Layout	SMV Layout, Bengaluru, Karnataka, India	ChIJ31lSi88-rjsR7jiWYCDqmtI	22	1
FALSE		spice-garden	Spice Garden Bus Stop	Spice Garden Bus Stop, Varthur Main Rd, Rajashree Layout, Gandhi Nagar, Munnekollal, Bengaluru, Karnataka 560037, India	ChIJ7fqszzASrjsRTcJWI96sKXc	23	1
FALSE		sr-layout	S R Layout	S R Layout, Murugeshpalya, Bengaluru, Karnataka 560017, India	ChIJ5fbyEwkUrjsRGwJd4EV6UmY	22	1
FALSE		sri-nilayam	Sri Nilayam	Sri Nilayam, Bangalore-Tirupati Hwy, Konadasapura, Bengaluru, Karnataka 560049, India	ChIJ0Qg6Bt4PrjsRdP3jyqR4lI4	23	1
FALSE		sri-nivasam	Shri Hari Nivasam	Shri Hari Nivasam, Outer Ring Road-Whitefield Rd Bypass Rd, Dodda Nekkundi Extension, Kartik Nagar, Bengaluru, Karnataka 560037, India	ChIJhZrxjoARrjsR8YUJ1h0oP1o	23	1
FALSE		sridhara-villa	Sridhar Villa	Sridhar Villa, 3rd Cross Rd, N R Layout, Murugeshpalya, Bengaluru, Karnataka 560017, India	ChIJBfTuVQgUrjsRI6GGn9k1nHc	23	1
FALSE		srinivasa-apartment	Srinivasa Apartments	Srinivasa Apartments, BEML Main Rd, Cauveri Colony, GM Palya, C V Raman Nagar, Bengaluru, Karnataka 560075, India	ChIJM1FtWFcRrjsRXz-B4o3V7Sk	23	1
FALSE		srinivasa-nagar	Srinivasa Nagar	Srinivasa Nagar, Banashankari, Bengaluru, Karnataka, India	ChIJoXXfRiQ-rjsRiJeIa7CLWxo	22	1
TRUE		srirampura	Srirampura	Srirampura, Jakkur, Bengaluru, Karnataka 560064, India	ChIJh7FQntAZrjsRvpPruVM0FvE	22	1
TRUE		srirampura	Srirampura	Srirampura, Bengaluru, Karnataka 560021, India	ChIJVX2PEPY9rjsRYbb8uQBFnFc	22	1
FALSE		st-johns-road	Saint Johns Road	St Johns Rd, Bengaluru, Karnataka, India	ChIJRYjrpY4WrjsRtxZhMYwqHNw	23	1
FALSE		st-xaviers-college	St. Xaviers Technical Institute	St. Xaviers Technical Institute, Mahim, Mumbai, Maharashtra 400016	ChIJby_8pi_J5zsRc4rvcxeibPY	23	1
TRUE		subramanyapura	Subramanyapura	Subramanyapura, Bengaluru, Karnataka 560061, India	ChIJOVXP2cE_rjsRCxFdFJVIm5s	22	1
FALSE		sudhama-nagar	Sudhama Nagar	Sudhama Nagar, Bengaluru, Karnataka, India	ChIJd0amqd0VrjsRYTI3xTjKLXo	22	1
TRUE		sunkadakatte	Sunkadakatte	Sunkadakatte, Bengaluru, Karnataka 560091, India	ChIJxzfCbUc8rjsRpK6OCl_d7xc	22	1
FALSE		suraksha-apartment	Madhura Suraksha Apartments	Madhura Suraksha Apartments, 5th Phase, J P Nagar Phase 5, J P Nagar, Bengaluru, Karnataka 560078, India	ChIJh25V_BYVrjsRAwNWgw4HUDo	23	1
FALSE		sushma-residency	Sushma Residency	Sushma Residency, Silver Springs Layout, Munnekollal, Bengaluru, Karnataka 560037, India	ChIJqXBMYkcSrjsR-Mgd628dbAU	23	1
TRUE		swargate	Swargate	Swargate, Pune, Maharashtra 411042, India	ChIJxRgZJxTAwjsRP01JDD_mPPo	22	1
FALSE		t-dasarahalli	T. Dasarahalli	T. Dasarahalli, Bengaluru, Karnataka, India	ChIJt2eOptU8rjsRAk3hxUuz2UA	22	1
TRUE		taloja	Taloja	Taloja, Navi Mumbai, Maharashtra, India	ChIJTSd2ydvB5zsRRqi9t3yzXiQ	22	1
TRUE		tardeo	Tardeo	Tardeo, Mumbai, Maharashtra, India	ChIJR0Fhk3PO5zsRyXB0BrhDw5g	22	1
FALSE		teen-hath-naka	Teen Hath Naka Flyover	Teen Hath Naka Flyover, Thane West, Thane, Maharashtra, India	ChIJe7lNDB655zsR8zkJN96qnsM	23	1
TRUE		thakurli	Thakurli	Thakurli, Dombivli, Maharashtra, India	ChIJh0_E9e2V5zsRIUqgI_WcNiU	23	1
FALSE		thane-east	Thane East	Thane East, Thane, Maharashtra 400603, India	ChIJMwDch9u45zsRsBthRT6zFfM	22	1
FALSE		thane-west	Thane West	Thane West, Thane, Maharashtra, India	ChIJ640aCBK55zsRifpsEySY2uM	22	1
TRUE		thanisandra	Thanisandra	Thanisandra, Bengaluru, Karnataka, India	ChIJtZSxeeEZrjsRHJp4-2SstWs	22	1
FALSE		thavarekere-magadi-road	Magadi Road	Magadi Rd, Thavarekere, Karnataka 562123, India	ChIJA6st58M9rjsRpgmXHjEXBgk	23	2
FALSE		thippasandra	Thippasandra	Thippasandra, Karnataka 560062, India	ChIJyRcTjQZArjsR25InzxcqorM	21	1
TRUE		thippasandra	Thippasandra	Thippasandra, Bengaluru, Karnataka 560087, India	ChIJqSJrIWQNrjsRwxEQnuILjSU	22	1
FALSE		thippasandra	Thippasandra	Thippasandra, Karnataka 563139, India	ChIJ-VpwTVrnrTsRG0uUJNqbdvQ	21	1
TRUE		thubarahalli	Thubarahalli	Thubarahalli, Whitefield, Bengaluru, Karnataka 560066, India	ChIJvYEd4j0SrjsROwh42RxYHgM	22	1
TRUE		thurahalli	Thurahalli	Thurahalli, Bengaluru, Karnataka 560062, India	ChIJRdTss4I_rjsRHYiNZz5bIHo	22	1
FALSE		tilak-nagar	Tilak Nagar	Tilak Nagar, Kurla East, Mumbai, Maharashtra 400089, India	ChIJuZ6BeZ7I5zsRHLHSXC8oGbo	22	1
FALSE		tilak-nagar	Tilak Nagar	Tilak Nagar, Goregaon West, Mumbai, Maharashtra 400047, India	ChIJo5XN6E-25zsR6cKuf-Qi7Vc	22	1
FALSE		tilak-nagar	Tilak Nagar	Tilak Nagar, Dombivli East, Dombivli, Maharashtra 421201, India	ChIJ-TKPT4mV5zsRrU59JPMuuEc	22	1
FALSE		tilak-nagar	Tilak Nagar	Tilak Nagar, Kalyan, Maharashtra 421301, India	ChIJ78Rmy3mW5zsRfqHuwrVwZtc	22	1
FALSE		tilak-nagar	Tilak Nagar	Tilak Nagar, Parel, Mumbai, Maharashtra, India	ChIJr8efIP7O5zsRtzjn3oztkM8	22	1
FALSE		tilak-road	Lokmanya Bal Gangadhar Tilak Road	Lokmanya Bal Gangadhar Tilak Rd, Pune, Maharashtra, India	ChIJh262cnPAwjsRZ4SZ9JtYdMA	23	1
FALSE		titwala	Titwala	Titwala, Maharashtra 421605, India	ChIJOTA8zR6R5zsReUjtcL6A3Bs	21	1
TRUE		trombay	Trombay	Trombay, Mumbai, Maharashtra, India	ChIJa2NwNcHF5zsRSI_8uVIdtJk	22	1
FALSE		tumkur-road	Tumkur Road	Tumkur Road, Karnataka, India	ChIJeRfQ3G89rjsRF8WcOWxtg1g	23	1
FALSE		turbhe	Turbhe	Turbhe, Maharashtra, India	ChIJrTUhHIHq5zsR0oLDZBw7hqY	21	1
FALSE		ulhasnagar	Ulhasnagar	Ulhasnagar, Maharashtra, India	ChIJUbqLlEKU5zsR99shPN4_1Cg	21	1
FALSE		ullal	Ullal	Ullal, Karnataka, India	ChIJdfsa9ag-rjsRVBLMy6xFY6c	21	1
TRUE		ulsoor	Ulsoor	Ulsoor, Bengaluru, Karnataka, India	ChIJCWWE2o8WrjsRlAtQivbhJqU	22	1
TRUE		ulwe	Ulwe	Ulwe, Navi Mumbai, Maharashtra, India	ChIJCRpc4t_C5zsRgwhjiNXET0g	22	1
FALSE		upper-indira-nagar	Upper Indira Nagar	Upper Indira Nagar, Bibvewadi, Pune, Maharashtra, India	ChIJn0fY1b3qwjsR9g9941vqwSI	22	1
TRUE		uthalsar	Uthalsar	Uthalsar, Thane West, Thane, Maharashtra 400601, India	ChIJX9LbUDm55zsRp3Ms7MD9pPU	22	1
TRUE		uttan	Uttan	Uttan, Mira Bhayandar, Maharashtra, India	ChIJBeER2POx5zsRx0PAL11TEHM	22	1
FALSE		uttarahalli	Uttarahalli Hobli	Uttarahalli Hobli, Bengaluru, Karnataka 560061, India	ChIJy_lzRMY_rjsRJpzi2YyUSjE	22	1
FALSE		vaastu-pleasant	Vaastu pleasant	Vaastu pleasant, Sai Baba Temple Rd, Green Garden Layout, Silver Springs Layout, Munnekollal, Bengaluru, Karnataka 560066, India	ChIJSawq4DgSrjsRaAB8FhZUBbM	23	1
FALSE		vadgaon-budruk	Vadgaon Budruk	Vadgaon Budruk, Pune, Maharashtra, India	ChIJN-3ETESVwjsR55ZmAzNqOq8	22	1
TRUE		vakola	Vakola	Vakola, Santacruz East, Mumbai, Maharashtra, India	ChIJN5C6QlXI5zsRdO3ozWMUp-c	22	1
FALSE		vartak-nagar	Vartak Nagar	Vartak Nagar, Thane West, Thane, Maharashtra 400606, India	ChIJtUP-NGy55zsRRfoDq-OLhgU	22	1
TRUE		varthur	Varthur	Varthur, Bengaluru, Karnataka 560087, India	ChIJ2RwJ4YcNrjsRH5hUcGO8n_k	22	1
FALSE		vasai-east	Vasai East	Vasai East, Vasai, Maharashtra, India	ChIJ8ZklYC-v5zsRnYrDvXDBA5I	22	1
FALSE		vasai-road	Vasai Road	Vasai Road, Vasai Station Rd, Samarth Krupa Nagar, Vasai East, Vasai, Maharashtra 401202, India	ChIJ5ypMlMGu5zsR3HtK5UTpMD8	23	1
FALSE		vasai-west	Vasai West	Vasai West, Vasai, Maharashtra 401202, India	ChIJYZzvuiqs5zsRDE8oFauWIlA	22	1
FALSE		vasant-vihar	Vasant Vihar	Vasant Vihar, Thane West, Thane, Maharashtra 400610, India	ChIJmYNoGWe55zsREbh3AAFoEBQ	22	1
FALSE		vasanth-nagar	Vasanth Nagar	Vasanth Nagar, Bengaluru, Karnataka, India	ChIJnxBCOWgWrjsRsCItl8FYIdc	22	1
FALSE		vashi	Vashi	Vashi, Maharashtra 402107, India	ChIJG2iFJgp16DsRy_R-pou6JEM	21	1
TRUE		vashi	Vashi	Vashi, Navi Mumbai, Maharashtra 400703, India	ChIJexAZtTbB5zsRyA--VJe5UoQ	22	1
FALSE		vaswani-claremont	Claremont	Claremont, CA, USA	ChIJX_ane5Q6w4ARTTe8KondetU	21	1
FALSE		vaswani-claremont	Claremont	Claremont, NH, USA	ChIJNRQb2t7B4YkRfxK2OEgKcO0	21	1
FALSE		vaswani-claremont	Claremont	Claremont, NC, USA	ChIJ-R0QSzlJUYgRCkz4tPldQYw	21	1
FALSE		vaswani-claremont	Claremont	Claremont, MN 55924, USA	ChIJHz5W848h94cRTuRaGXpK-GE	21	1
FALSE		vaswani-claremont	Claremont	Claremont, VA, USA	ChIJF3FzllhYsIkR3DaRwuKAim8	21	1
FALSE		vaswani-claremont	Claremont	Claremont, SD 57432, USA	ChIJX8xmgqL1zVIRPKBO2L3rsC4	21	1
FALSE		vaswani-tranquil	Vaswani Tranquil	Vaswani Tranquil, Sai Baba Temple Rd, Silver Springs Layout, Marathahalli, Bengaluru, Karnataka 560037, India	ChIJ083GbTkSrjsRdBxRVyuFMik	23	1
FALSE		velankani-tech-park	Equinox Tech Park	Equinox Tech Park, SJR Equinox, Velankani Drive, Electronics City Phase 1, Electronic City, Doddathoguru, Karnataka 560100, India	ChIJ09uzWJxsrjsRulkt6nW4Srg	23	1
TRUE		versova	Versova	Versova, Andheri West, Mumbai, Maharashtra, India	ChIJW1ERSA-25zsRjywcc97fVkc	22	1
FALSE		victoria-layout	Victoria Layout	Victoria Layout, Bengaluru, Karnataka, India	ChIJ9fjvoS4UrjsRul_4hsX1uJc	22	1
FALSE		vidhya-gayatri-homes	Vidhya Gayatri Homes	Vidhya Gayatri Homes, 7th Cross Rd, Green Garden Layout, Silver Springs Layout, Munnekollal, Bengaluru, Karnataka 560066, India	ChIJUW9UxTgSrjsRYykk8VPN4kY	23	1
TRUE		vidyaranyapura	Vidyaranyapura	Vidyaranyapura, Bengaluru, Karnataka 560097, India	ChIJ4euNep8irjsRrOfHWdLxgE0	22	1
TRUE		vidyavihar	Vidyavihar	Vidyavihar, Mumbai, Maharashtra, India	ChIJB1vkDYLI5zsR4NkQdOZcTQM	22	1
FALSE		vignana-nagar	Vignan Nagar	Vignan Nagar, Doddanekundi, Kartik Nagar, Bengaluru, Karnataka, India	ChIJzXzVZGERrjsR1GsdGlQdVwU	22	1
FALSE		viit-campus	Apaar Market Road	Apaar Market Rd, Pune, Maharashtra, India	ChIJT_dlAJXqwjsREQCaHiHD_7U	23	2
FALSE		vijaypura	Vijayapura	Vijayapura, Karnataka, India	ChIJBVefklL8sTsRyCv6yIVhd9E	21	1
FALSE		vikhroli-east	Vikhroli East	Vikhroli East, Mumbai, Maharashtra, India	ChIJXUuBfLzH5zsRxp2bjzRb0mo	22	1
FALSE		vikhroli-west	Vikhroli West	Vikhroli West, Mumbai, Maharashtra, India	ChIJrSMt7LjH5zsRJ7bfUqP8buE	22	1
FALSE		vile-parle-east	Vile Parle East	Vile Parle East, Vile Parle, Mumbai, Maharashtra, India	ChIJGf3Ah03I5zsRlKgyTF42WRg	22	1
FALSE		vile-parle-west	Vile Parle West	Vile Parle West, Mumbai, Maharashtra 400047, India	ChIJmxXNFcjJ5zsRDS4TgEdXrig	22	1
FALSE		viman-nagar	Viman Nagar	Viman Nagar, Pune, Maharashtra 411014, India	ChIJtYQU5kbBwjsRsLO0qPcsSLY	22	1
TRUE		vimanapura	Vimanapura	Vimanapura, Bengaluru, Karnataka, India	ChIJZ3ACwucTrjsRGFdKFweUU70	22	1
FALSE		virar-east	Virar East	Virar East, Virar, Maharashtra 401303, India	ChIJfSXbTK6p5zsR-l-q1RR6Do0	22	1
FALSE		virar-west	Virar West	Virar West, Virar, Maharashtra 401303, India	ChIJpcYouEmq5zsRUdJKoUFM_r4	22	1
FALSE		vishweshwaraiah-layout	Vishweshwaraiah Layout	Vishweshwaraiah Layout, Annapurneshwari Nagar, Bengaluru, Karnataka, India	ChIJNWHUhSA8rjsR8yV-Z2b7jng	22	1
FALSE		vit-campus	V I T Campus	V I T Campus, Karolan Ka Barh, Jaipur, Rajasthan 303905, India	ChIJr0SZanPIbTkRiH8Bz53CJEs	23	1
FALSE		vit-campus	Apaar Market Road	Apaar Market Rd, Pune, Maharashtra, India	ChIJT_dlAJXqwjsREQCaHiHD_7U	23	2
FALSE		vit-campus	VIT University	VIT University, Vellore, Tamil Nadu, India	ChIJwWE0f6FHrTsRv8-Mfyp6zho	22	1
FALSE		vittal-mallya-road	Vittal Mallya Road	Vittal Mallya Rd, Ashok Nagar, Bengaluru, Karnataka 560001, India	ChIJvULjw3kWrjsRywg8NrzBqEk	23	1
FALSE		viveka-nagar	Viveka Nagar	Viveka Nagar, Bengaluru, Karnataka 560047, India	ChIJcbVTSToUrjsRBR_vYBJYS68	22	1
FALSE		wadala-east	Wadala East	Wadala East, Wadala, Mumbai, Maharashtra 400037, India	ChIJ6YagPhjP5zsRq9CQxWlivg8	22	1
FALSE		wadala-west	Wadala West	Wadala West, Wadala, Mumbai, Maharashtra, India	ChIJbYvL5BjP5zsRImndeOZRmh0	22	1
TRUE		waghbil	Waghbil	Waghbil, Thane West, Thane, Maharashtra 400607, India	ChIJecmch4W75zsRaCSWk6pgZB8	22	1
TRUE		wagholi	Wagholi	Wagholi, Pune, Maharashtra 412207, India	ChIJd_jen4HDwjsR4Es1X5g-GdQ	22	1
TRUE		wagholi	Wagholi	Wagholi, Charholi Budruk, Maharashtra 412105, India	ChIJdx8n0D3GwjsRM-MjNBHICd4	22	1
FALSE		wagle-industrial-estate	Wagle Industrial Estate	Wagle Industrial Estate, Thane West, Thane, Maharashtra, India	ChIJRY_h4w655zsRG1awCYtMdW8	22	1
TRUE		wakad	Wakad	Wakad, Pimpri-Chinchwad, Maharashtra 411057, India	ChIJ7RtXr3q5wjsRc2anpWs0Zww	22	1
TRUE		walkeshwar	Walkeshwar	Walkeshwar, Malabar Hill, Mumbai, Maharashtra 400006, India	ChIJqViHNf3N5zsR5m3guO29wEQ	22	1
FALSE		wanowarie	Wanowrie	Wanowrie, Pune, Maharashtra, India	ChIJ8TQ7l8LBwjsROUGpMh25HMw	22	1
FALSE		warje-malwadi	Warje Malwadi	Warje Malwadi, Pune, Maharashtra, India	ChIJnRenW3yVwjsRU4jik302Lro	22	1
TRUE		whitefield	Whitefield	Whitefield, Bengaluru, Karnataka 560066, India	ChIJg_wNXfMRrjsR-RUB2BKlzzA	22	1
FALSE		whitefield	Whitefield	Whitefield, NH, USA	ChIJldHmLZJytEwRLuMgI7DXiVM	21	1
FALSE		whitefield	Whitefield	Whitefield, ME, USA	ChIJDQJRRn_wrUwRNGyeCwe0xKo	21	1
FALSE		whitefield	Whitefield	Whitefield, OK 74472, USA	ChIJQaExfrmatYcRIKrNdMRnYeA	21	1
TRUE		whitefield	Whitefield	Whitefield, Whitefield, NH 03598, USA	ChIJmc5_yYRxtEwR-Yj35PGst1E	23	1
FALSE		whitefield	Whitefield	Whitefield, IL 61368, USA	ChIJt6z80k8uCogRtYoqt-dAwow	21	1
FALSE		williams-town	Williams Town	Williams Town, Benson Town, Bengaluru, Karnataka 560046, India	ChIJD1q6_PcWrjsRtYQKIPN-oxg	22	1
FALSE		williams-town	Williams	Williams, AZ 86046, USA	ChIJVaUBU-meMocRhlPAzcfnpR0	21	1
FALSE		williams-town	Williams	Williams, CA 95987, USA	ChIJ9UR1KZhkg4ARN5bCPnSdQDI	21	1
FALSE		williams-town	Williams	Williams, OR 97544, USA	ChIJubWo8yOMz1QRsAXOupmylrg	21	1
FALSE		williams-town	Williams	Williams, IA 50271, USA	ChIJOTn7gHgd7ocRpQsTU2TQzUo	21	1
FALSE		williams-town	Williams	Williams, IN 47470, USA	ChIJ9YueU2A8bIgRzn_XpkWdRR4	21	1
FALSE		wilson-college	Willson College Bus Stop	Willson College Bus Stop, Netaji Subhash Chandra Bose Rd, Gamdevi, Mumbai, Maharashtra 400007, India	ChIJG2XEzg7O5zsRQDmZbg7h5Jw	23	1
FALSE		wilson-garden	Wilson Garden	Wilson Garden, Bengaluru, Karnataka 560027, India	ChIJ65Y-bcYVrjsRjDO0P4atn04	22	1
FALSE		wipro-sarjapura	Wipro Avenue	Wipro Avenue, Electronics City Phase 1, Electronic City, Bengaluru, Karnataka 560100, India	ChIJYXFqdIRsrjsR1ESepIvmjJQ	23	1
TRUE		worli	Worli	Worli, Mumbai, Maharashtra, India	ChIJxYw0NJfO5zsR7ABk4Kqrdx8	22	1
FALSE		yari-road	Yari Road	Yari Rd, Versova, Andheri West, Mumbai, Maharashtra 400061, India	ChIJWRNIOwm25zsRLUViSXNRFwg	23	1
FALSE		yelachena-halli	Yelachenahalli	Yelachenahalli, Bengaluru, Karnataka 560078, India	ChIJN1Ydr_w_rjsR9eRlgSQVdf4	22	1
TRUE		yelahanka	Yelahanka	Yelahanka, Bengaluru, Karnataka 560064, India	ChIJ1dI391YYrjsRL5RdGCCN974	22	1
FALSE		yelahanka-new-town	Yelahanka New Town	Yelahanka New Town, Bengaluru, Karnataka, India	ChIJXc_ZXWAYrjsRuzsIhmTpHBs	22	1
TRUE		yemalur	Yemalur	Yemalur, Bellandur, Bengaluru, Karnataka 560037, India	ChIJe3HE4rgTrjsRPGb8ots1bB8	22	1
TRUE		yerawada	Yerawada	Yerawada, Pune, Maharashtra, India	ChIJR0DynSDBwjsR5Wdkk4d824k	22	1
FALSE		yerawada-it-zone	Commerce Zone Tower 5	Commerce Zone Tower 5, Commerzone IT Park Internal Rd, Commerzone IT Park, Yerawada, Pune, Maharashtra 411006, India	ChIJp4Ettt7AwjsRRPl_-EcVD3k	23	1
TRUE		yeshwanthpur	Yeshwanthpur	Yeshwanthpur, Bengaluru, Karnataka 560022, India	ChIJj0N-IWQ9rjsRxDxWEhcGs9E	22	1
